etID  | Input | Late Latin | Old French I | Old French II | Middle French  | Output {GOLD}
0      | #ˌɑb# | *#ˌɑb# | *#ˌaɸ# | *#ˌaɸ# | *#ˌaɸ# | *#a# {GOLD: #a#}
1      | #ˌɑbˈɑn̪t̪e# | *#ˌɑβˈɑn̪t̪ɛ# | *#ˌavˈãn̪t̪# | *#ˌavˈãn̪t̪# | *#ˌavˈãːt̪# | *#avɑ̃# {GOLD: #avɑ̃#}
2      | #ˌɑbˌɑn̪t̪iˈɑːre# | *#ˌɑβˌɑn̪t͡sʲʝˈɑrɛ# | *#ˌavˌãn̪t͡sʲˈie̯r# | *#ˌavˌãn̪sʲjˈer# | *#ˌavˌãːsˈer# | *#avɑ̃se# {GOLD: #avɑ̃se#}
3      | #ˌɑbbˈɑːt̪em# | *#ˌɑbbˈɑt̪ɛ# | *#ˌabˈeːθ# | *#ˌabˈe# | *#ˌabˈe# | *#abe# {GOLD: #abe#}
4      | #ˌɑbbɑːt̪ˈissɑm# | *#ˌɑbbɑt̪ˈessɑ# | *#ˌabəðˈesə# | *#ˌabəˈɛːsə# | *#ˌabə̯ˈɛːsə# | *#abɛs# {GOLD: #abɛs#}
5      | #ˌɑbbˈɑt̪t̪uere# | *#ˌɑbbˈɑt̪t̪wɛrɛ# | *#ˌabˈat̪rə# | *#ˌabˈat̪rə# | *#ˌabˈat̪rə# | *#abat̪ʁ# {GOLD: #abat̪ʁ#}
6      | #ˌɑbbˌiberˈɑːre# | *#ˌɑbbˌeβɛrˈɑrɛ# | *#ˌabˌevrˈeːr# | *#ˌabˌevrˈer# | *#ˌabˌevrˈer# | *#abevʁe# {GOLD: #abʁœve#}
7      | #ˌɑbbrˌeːwiˈɑːre# | *#ˌɑbbrˌeʝˈɑrɛ# | *#ˌabrˌejˈie̯r# | *#ˌabrwˌɛjˈer# | *#ˌabrwˌɛjˈer# | *#abʁwaje# {GOLD: #abʁeʒe#}
8      | #ˌɑbˈyssimum# | *#ˌɑβˈessemo# | *#ˌavˈezmə# | *#ˌavˈẽːmə# | *#ˌavˈẽːmə# | *#avɛm# {GOLD: #abim#}
9      | #ˈɑːbilem# | *#ˈɑβelɛ# | *#ˈablə# | *#ˈablə# | *#ˈablə# | *#abl# {GOLD: #abl#}
10     | #ˌɑbhˈok# | *#ˌɑβˈɔk# | *#ˌaˈɔk# | *#ˌaˈɔk# | *#ˌaˈɔk# | *#ao# {GOLD: #avɛk#}
11     | #ˌɑbˈokuloː# | *#ˌɑβˈɔklo# | *#ˌaˈye̯ʎ# | *#ˌəˈøʎ# | *#ə̯ˈøʎ# | *#œj# {GOLD: #avœɡl#}
12     | #ˌɑbˌon̪imˈɑːt̪um# | *#ˌɑβˌɔn̪emˈɑt̪o# | *#ˌaˌũɫmˈeːθ# | *#ˌaˌũmˈe# | *#ˌaˌũmˈe# | *#aɔme# {GOLD: #abome#}
13     | #ˌɑbˌort̪ˈɑːre# | *#ˌɑβˌɔrt̪ˈɑrɛ# | *#ˌaˌɔrt̪ˈeːr# | *#ˌaˌɔrt̪ˈer# | *#ˌaˌɔrt̪ˈer# | *#aɔʁt̪e# {GOLD: #avɔʁt̪e#}
14     | #ˌɑbsˈolwere# | *#ˌɑbsˈɔɫβʷɛrɛ# | *#ˌasˈɔɫd̪rə# | *#ˌasˈud̪rə# | *#ˌasˈud̪rə# | *#asud̪ʁ# {GOLD: #asud̪ʁ#}
15     | #ˌɑd̪# | *#ˌɑd̪# | *#ˌaθ# | *#ˌa# | *#ˌa# | *#a# {GOLD: #a#}
16     | #ˌɑd̪fˌɑkt̪ˈɑːre# | *#ˌɑffˌɑxt̪ˈɑrɛ# | *#ˌafˌajt̪ʲˈie̯r# | *#ˌafˌɛt̪ʲjˈer# | *#ˌafˌɛt̪ˈer# | *#afɛt̪e# {GOLD: #afɛt̪e#}
17     | #ˌɑd̪imˈɑn̪t̪em# | *#ˌɑd̪emˈɑn̪t̪ɛ# | *#ˌaðmˈãn̪t̪# | *#ˌãmˈãn̪t̪# | *#ˌãmˈãːt̪# | *#amɑ̃# {GOLD: #ɛ̃mɑ̃#}
18     | #ˌɑd̪iuːt̪ˈɑːre# | *#ˌɑʝʝet̪ˈɑrɛ# | *#ˌajd̪ʲˈie̯r# | *#ˌɛd̪ʲjˈer# | *#ˌɛd̪ˈer# | *#ɛd̪e# {GOLD: #ɛd̪e#}
19     | #ˈɑd̪jɑkem# | *#ˈɑʝʝɑcɛ# | *#ˈajzə# | *#ˈɛzə# | *#ˈɛzə# | *#ɛz# {GOLD: #ɛz#}
20     | #ˌɑd̪prˈessum# | *#ˌɑpprˈɛsso# | *#ˌaprˈɛs# | *#ˌaprˈɛːs# | *#ˌaprˈɛːs# | *#apʁɛ# {GOLD: #apʁɛ#}
21     | #ˌɑd̪rˈet̪roː# | *#ˌɑd̪rˈɛt̪ro# | *#ˌaðrˈie̯ðrə# | *#ˌarjˈerə# | *#ˌarjˈerə# | *#aʁjɛʁ# {GOLD: #aʁjɛʁ#}
22     | #ˌɑd̪sˈɑt̪is# | *#ˌɑssˈɑt̪es# | *#ˌasˈeːt͡s# | *#ˌasˈes# | *#ˌasˈes# | *#ase# {GOLD: #ase#}
23     | #ˌɑd̪wokˈɑːt̪um# | *#ˌɑd̪βʷɔkˈɑt̪o# | *#ˌaðvɔˈeːθ# | *#ˌavɔˈe# | *#ˌavɔˈe# | *#avɔe# {GOLD: #avwe#}
24     | #ˌae̯st̪ˈɑːt̪em# | *#ˌɛst̪ˈɑt̪ɛ# | *#ˌest̪ˈeːθ# | *#ˌet̪ˈe# | *#ˌet̪ˈe# | *#et̪e# {GOLD: #et̪e#}
25     | #ˌae̯t̪ˈɑːt̪ikum# | *#ˌɛt̪ˈɑt̪eko# | *#ˌəðˈad͡ʒə# | *#ˌəˈaʒə# | *#ˈaːʒə# | *#ɑʒ# {GOLD: #ɑʒ#}
26     | #ˈɑːeːrem# | *#ˈɑerɛ# | *#ˈajrə# | *#ˈɛrə# | *#ˈɛrə# | *#ɛʁ# {GOLD: #ɛʁ#}
27     | #ˌɑɡn̪ˈellɑm# | *#ˌɑŋn̪ˈɛllɑ# | *#ˌãɲˈɛlə# | *#ˌãɲˈɛlə# | *#ˌãɲˈɛlə# | *#aɲɛl# {GOLD: #aɲɛl#}
28     | #ˌɑɡn̪ˈelloːs# | *#ˌɑŋn̪ˈɛllos# | *#ˌãɲˈɛɫs# | *#ˌãɲe̯ˈaws# | *#ˌãɲə̯ˈoːs# | *#aɲo# {GOLD: #aɲo#}
29     | #ˌɑɡn̪ˈellum# | *#ˌɑŋn̪ˈɛllo# | *#ˌãɲˈɛl# | *#ˌãɲe̯ˈaw# | *#ˌãɲə̯ˈoː# | *#aɲo# {GOLD: #aɲo#}
30     | #ˈɑɡrum# | *#ˈɑɣro# | *#ˈajrə# | *#ˈɛrə# | *#ˈɛrə# | *#ɛʁ# {GOLD: #ɛʁ#}
31     | #ˈɑːlɑm# | *#ˈɑlɑ# | *#ˈeːlə# | *#ˈelə# | *#ˈelə# | *#ɛl# {GOLD: #ɛl#}
32     | #ˌɑlˈɑwd̪ɑm# | *#ˌɑlˈɑwd̪ɑ# | *#ˌalˈɔwðə# | *#ˌalˈuə# | *#ˌalˈuː# | *#alu# {GOLD: #alu#}
33     | #ˌɑlˈɑwsɑm# | *#ˌɑlˈɑwsɑ# | *#ˌalˈɔzə# | *#ˌalˈɔzə# | *#ˌalˈoːzə# | *#aloz# {GOLD: #aloz#}
34     | #ˈɑlbɑm# | *#ˈɑɫbɑ# | *#ˈaɫbə# | *#ˈawbə# | *#ˈoːbə# | *#ob# {GOLD: #ob#}
35     | #ˌɑlbiːn̪iˈɑːkum# | *#ˌɑɫbin̪ʝˈɑko# | *#ˌaɫbiɲˈi# | *#ˌawbĩɲˈi# | *#ˌoːbiɲˈi# | *#obiɲi# {GOLD: #obiɲi#}
36     | #ˈɑlid̪sˌiːk# | *#ˈɑlessˌik# | *#ˈaɫsˌi# | *#ˈawsˌi# | *#ˈoːsˌi# | *#osi# {GOLD: #osi#}
37     | #ˌɑlˈiːsiɑm# | *#ˌɑlˈisʝɑ# | *#ˌalˈizə# | *#ˌalˈizə# | *#ˌalˈizə# | *#aliz# {GOLD: #aliz#}
38     | #ˈɑllioːs# | *#ˈɑllʝos# | *#ˈaɫt͡sʲ# | *#ˈawsʲ# | *#ˈoːs# | *#o# {GOLD: #o#}
39     | #ˈɑllium# | *#ˈɑllʝo# | *#ˈaʎ# | *#ˈaʎ# | *#ˈaʎ# | *#aj# {GOLD: #aj#}
40     | #ˌɑlkˈuːn̪ɑm# | *#ˌɑɫkˈun̪ɑ# | *#ˌaɫkˈyn̪ə# | *#ˌawkˈỹn̪ə# | *#ˌoːkˈyn̪ə# | *#okyn̪# {GOLD: #okyn̪#}
41     | #ˌɑlkˈuːn̪um# | *#ˌɑɫkˈun̪o# | *#ˌaɫkˈyn̪# | *#ˌawkˈỹn̪# | *#ˌoːkˈỹː# | *#okœ̃# {GOLD: #okœ̃#}
42     | #ˌɑlt̪ˈɑn̪t̪um# | *#ˌɑɫt̪ˈɑn̪t̪o# | *#ˌaɫt̪ˈãn̪t̪# | *#ˌawt̪ˈãn̪t̪# | *#ˌoːt̪ˈãːt̪# | *#ot̪ɑ̃# {GOLD: #ot̪ɑ̃#}
43     | #ˈɑlt̪erum# | *#ˈɑɫt̪ɛro# | *#ˈaɫt̪rə# | *#ˈawt̪rə# | *#ˈoːt̪rə# | *#ɔt̪ʁ# {GOLD: #ot̪ʁ#}
44     | #ˌɑkerˈɑːbulum# | *#ˌɑkɛrˈɑβlo# | *#ˌajrʲˈie̯blə# | *#ˌɛrʲjˈeblə# | *#ˌɛrˈeblə# | *#ɛʁɛbl# {GOLD: #eʁabl#}
45     | #ˌɑkˈeːtum# | *#ˌɑcˈeto# | *#ˌajd͡zʲˈi?# | *#ˌɛzʲˈi?# | *#ˌɛzˈi?# | *#ɛzi# {GOLD: #ɛzi#}
46     | #ˌɑkiˈɑːrium# | *#ˌɑccʝˈɑrʝo# | *#ˌat͡sʲˈie̯r# | *#ˌasʲjˈer# | *#ˌasˈer# | *#ase# {GOLD: #asje#}
47     | #ˈɑkin̪um# | *#ˈɑcen̪o# | *#ˈãj̃n̪ə# | *#ˈɛ̃j̃n̪ə# | *#ˈɛ̃n̪ə# | *#ɛn̪# {GOLD: #ɛn̪#}
48     | #ˌɑkkˌollˈiɡere# | *#ˌɑkkˌɔllˈeɣrɛ# | *#ˌakˌɔlˈejr# | *#ˌakˌɔlwˈɛr# | *#ˌakˌɔlwˈɛr# | *#akɔlwaʁ# {GOLD: #akœjiʁ#}
49     | #ˌɑkkˌord̪ˈɑːre# | *#ˌɑkkˌɔrd̪ˈɑrɛ# | *#ˌakˌɔrd̪ˈeːr# | *#ˌakˌɔrd̪ˈer# | *#ˌakˌɔrd̪ˈer# | *#akɔʁd̪e# {GOLD: #akɔʁd̪e#}
50     | #ˌɑkrˈoːrem# | *#ˌɑkrˈorɛ# | *#ˌajrˈowr# | *#ˌɛrˈør# | *#ˌɛrˈør# | *#ɛʁœʁ# {GOLD: #ɛɡʁœʁ#}
51     | #ˈɑːkrum# | *#ˈɑkro# | *#ˈajrə# | *#ˈɛrə# | *#ˈɛrə# | *#ɛʁ# {GOLD: #ɛɡʁ#}
52     | #ˈɑksem# | *#ˈɑxsɛ# | *#ˈajs# | *#ˈɛːs# | *#ˈɛːs# | *#ɛ# {GOLD: #ɛ#}
53     | #ˌɑksˈillɑm# | *#ˌɑxsˈellɑ# | *#ˌajsˈelə# | *#ˌɛsˈɛlə# | *#ˌɛsˈɛlə# | *#ɛsɛl# {GOLD: #ɛsɛl#}
54     | #ˈɑkwɑm# | *#ˈɑkwɑ# | *#ˈɛːwə# | *#e̯ˈawə# | *#ə̯ˈoː# | *#o# {GOLD: #o#}
55     | #ˈɑkwɑːs# | *#ˈɑkwɑs# | *#ˈɛːwəs# | *#e̯ˈawəs# | *#ə̯ˈoː# | *#o# {GOLD: #o#}
56     | #ˌɑkwɑriˈoːlɑ# | *#ˌɑkwɑrʝˈolɑ# | *#ˌajvejrˈowlə# | *#ˌɛvwɛrˈølə# | *#ˌɛvwɛrˈølə# | *#ɛvwaʁœl# {GOLD: #evʁol#}
57     | #ˌɑkwˈɑːrium# | *#ˌɑkwˈɑrʝo# | *#ˌajvjˈie̯r# | *#ˌɛvjˈer# | *#ˌɛvjˈer# | *#ɛvje# {GOLD: #evje#}
58     | #ˈɑkwilɑm# | *#ˈɑkwelɑ# | *#ˈaʎə# | *#ˈaʎə# | *#ˈaʎə# | *#ɑj# {GOLD: #ɑj#}
59     | #ˌɑkˈuːkulɑm# | *#ˌɑkˈuklɑ# | *#ˌaˈyʎə# | *#ˌəɥˈiʎə# | *#ə̯ɥˈiʎə# | *#ɥij# {GOLD: #ɛɡɥij#}
60     | #ˌɑkˌuːkulˈɑːrium# | *#ˌɑkˌukolˈɑrʝo# | *#ˌajˌylˈie̯r# | *#ˌajˌyljˈer# | *#ˌajˌyljˈer# | *#ajylje# {GOLD: #ɛɡɥije#}
61     | #ˌɑkˌuːt̪iˈɑːre# | *#ˌɑkˌut͡sʲʝˈɑrɛ# | *#ˌajˌyjd͡zʲˈie̯r# | *#ˌajɥˌizʲjˈer# | *#ˌajɥˌizˈer# | *#ajɥize# {GOLD: #ɛɡɥize#}
62     | #ˌɑkˈuːt̪um# | *#ˌɑkˈut̪o# | *#ˌaˈyθ# | *#ˌəˈy# | *#ə̯ˈy# | *#y# {GOLD: #ɛɡy#}
63     | #ˈɑln̪um# | *#ˈɑɫn̪o# | *#ˈaɫn̪ə# | *#ˈawn̪ə# | *#ˈoːn̪ə# | *#on̪# {GOLD: #on̪#}
64     | #ˌɑmˈɑːrɑm# | *#ˌɑmˈɑrɑ# | *#ˌãmˈeːrə# | *#ˌãmˈerə# | *#ˌãmˈerə# | *#amɛʁ# {GOLD: #amɛʁ#}
65     | #ˌɑmˈɑːrum# | *#ˌɑmˈɑro# | *#ˌãmˈeːr# | *#ˌãmˈer# | *#ˌãmˈer# | *#ame# {GOLD: #amɛʁ#}
66     | #ˈɑmɑt̪# | *#ˈɑmɑt̪# | *#ˈãj̃məθ# | *#ˈɛ̃j̃mə# | *#ˈɛ̃mə# | *#ɛm# {GOLD: #ɛm#}
67     | #ˌɑmˈiːkɑm# | *#ˌɑmˈikɑ# | *#ˌãmˈiə# | *#ˌãmˈiə# | *#ˌãmˈiː# | *#ami# {GOLD: #ami#}
68     | #ˌɑmˈiːkɑːs# | *#ˌɑmˈikɑs# | *#ˌãmˈiəs# | *#ˌãmˈiəs# | *#ˌãmˈiː# | *#ami# {GOLD: #ami#}
69     | #ˌɑmˈiːkoːs# | *#ˌɑmˈikos# | *#ˌãmˈis# | *#ˌãmˈiːs# | *#ˌãmˈiːs# | *#ami# {GOLD: #ami#}
70     | #ˌɑmˈiːkum# | *#ˌɑmˈiko# | *#ˌãmˈi# | *#ˌãmˈi# | *#ˌãmˈi# | *#ami# {GOLD: #ami#}
71     | #ˌɑmˌiːkit̪ˈɑːt̪em# | *#ˌɑmˌicet̪ˈɑt̪ɛ# | *#ˌãmˌit͡sʲt̪ˈie̯θ# | *#ˌãmˌiːt̪jˈe# | *#ˌãmˌiːt̪jˈe# | *#amit̪je# {GOLD: #amit̪je#}
72     | #ˈɑmplum# | *#ˈɑmplo# | *#ˈãmplə# | *#ˈãn̪plə# | *#ˈãːplə# | *#ɑ̃pl# {GOLD: #ɑ̃pl#}
73     | #ˌɑmpˈullɑm# | *#ˌɑmpˈollɑ# | *#ˌãmpˈolə# | *#ˌãn̪pˈulə# | *#ˌãːpˈulə# | *#ɑ̃pul# {GOLD: #ɑ̃pul#}
74     | #ˈɑn̪ɑt̪em# | *#ˈɑn̪ɑt̪ɛ# | *#ˈãj̃n̪əθ# | *#ˈɛ̃j̃n̪ə# | *#ˈɛ̃n̪ə# | *#ɛn̪# {GOLD: #an̪#}
75     | #ˌɑn̪d̪eːkˈɑːn̪eːs# | *#ˌɑn̪d̪ekˈɑn̪es# | *#ˌãn̪d͡ʒˈãn̪s# | *#ˌãn̪ʒˈãn̪s# | *#ˌãːʒˈãːs# | *#ɑ̃ʒɑ̃# {GOLD: #ɑ̃ʒɛʁ#}
76     | #ˌɑn̪d̪eːkˈɑːwum# | *#ˌɑn̪d̪ekˈɑo# | *#ˌãn̪d͡ʒˈɔw# | *#ˌãn̪ʒˈu# | *#ˌãːʒˈu# | *#ɑ̃ʒu# {GOLD: #ɑ̃ʒu#}
77     | #ˌɑn̪ˈellum# | *#ˌɑn̪ˈɛllo# | *#ˌãn̪ˈɛl# | *#ˌãn̪e̯ˈaw# | *#ˌãn̪ə̯ˈoː# | *#an̪o# {GOLD: #an̪o#}
78     | #ˈɑn̪ɡulum# | *#ˈɑŋɡlo# | *#ˈãŋɡlə# | *#ˈãŋɡlə# | *#ˈãːɡlə# | *#ɑ̃ɡl# {GOLD: #ɑ̃ɡl#}
79     | #ˌɑn̪ɡˈust̪iɑm# | *#ˌɑŋɡˈost͡sʲʝɑ# | *#ˌãŋɡˈojsə# | *#ˌãŋɡwˈɛːsə# | *#ˌãːɡwˈɛːsə# | *#ɑ̃ɡwas# {GOLD: #ɑ̃ɡwas#}
80     | #ˌɑn̪ɡˌust̪iˈoːsum# | *#ˌɑŋɡˌost͡sʲʝˈoso# | *#ˌãŋɡˌojsˈows# | *#ˌãŋɡwˌɛsˈøːs# | *#ˌãːɡwˌɛsˈøːs# | *#ɑ̃ɡwasø# {GOLD: #ɑ̃ɡwasø#}
81     | #ˈɑn̪imɑm# | *#ˈɑn̪emɑ# | *#ˈaɫmə# | *#ˈawmə# | *#ˈoːmə# | *#om# {GOLD: #om#}
82     | #ˌɑn̪imˈɑːliɑ# | *#ˌɑn̪emˈɑlʝɑ# | *#ˌaɫmˈaʎə# | *#ˌawmˈaʎə# | *#ˌoːmˈaʎə# | *#omɑj# {GOLD: #omɑj#}
83     | #ˈɑn̪korɑm# | *#ˈɑŋkɔrɑ# | *#ˈãŋkrə# | *#ˈãŋkrə# | *#ˈãːkrə# | *#ɑ̃kʁ# {GOLD: #ɑ̃kʁ#}
84     | #ˌɑn̪n̪ˈɑːt̪ɑm# | *#ˌɑn̪n̪ˈɑt̪ɑ# | *#ˌãn̪ˈeːðə# | *#ˌãn̪ˈeə# | *#ˌãn̪ˈeː# | *#an̪e# {GOLD: #an̪e#}
85     | #ˈɑn̪n̪um# | *#ˈɑn̪n̪o# | *#ˈãn̪# | *#ˈãn̪# | *#ˈãː# | *#ɑ̃# {GOLD: #ɑ̃#}
86     | #ˈɑn̪n̪oːs# | *#ˈɑn̪n̪os# | *#ˈãn̪t͡s# | *#ˈãn̪s# | *#ˈãːs# | *#ɑ̃# {GOLD: #ɑ̃#}
87     | #ˈɑpium# | *#ˈɑpʝo# | *#ˈat͡ʃə# | *#ˈaʃə# | *#ˈaʃə# | *#aʃ# {GOLD: #aʃ#}
88     | #ˌɑprˈiːlem# | *#ˌɑprˈilɛ# | *#ˌavrˈil# | *#ˌavrˈil# | *#ˌavrˈil# | *#avʁil# {GOLD: #avʁil#}
89     | #ˈɑrbrem# | *#ˈɑrbrɛ# | *#ˈarbrə# | *#ˈarbrə# | *#ˈarbrə# | *#aʁbʁ# {GOLD: #aʁbʁ#}
90     | #ˌɑrd̪ˈeːsiɑm# | *#ˌɑrd̪ˈesʝɑ# | *#ˌard̪ˈejzə# | *#ˌard̪wˈɛzə# | *#ˌard̪wˈɛzə# | *#aʁd̪waz# {GOLD: #aʁd̪waz#}
91     | #ˈɑːreɑm# | *#ˈɑrʝɑ# | *#ˈajrə# | *#ˈɛrə# | *#ˈɛrə# | *#ɛʁ# {GOLD: #ɛʁ#}
92     | #ˌɑrewˈern̪iɑm# | *#ˌɑrɛβʷˈɛrn̪ʝɑ# | *#ˌaɫvˈɛrɲə# | *#ˌawvˈɛrɲə# | *#ˌoːvˈɛrɲə# | *#ovɛʁɲ# {GOLD: #ovɛʁɲ#}
93     | #ˌɑrɡˈen̪t̪um# | *#ˌɑrɟˈɛn̪t̪o# | *#ˌard͡ʒˈɛ̃n̪t̪# | *#ˌarʒˈãn̪t̪# | *#ˌarʒˈãːt̪# | *#aʁʒɑ̃# {GOLD: #aʁʒɑ̃#}
94     | #ˌɑrkˈɑːriɑm# | *#ˌɑrkˈɑrʝɑ# | *#ˌart͡ʃˈie̯rə# | *#ˌarʃjˈerə# | *#ˌarʃˈerə# | *#aʁʃɛʁ# {GOLD: #aʁʃɛʁ#}
95     | #ˌɑrkˈɑːrium# | *#ˌɑrkˈɑrʝo# | *#ˌart͡ʃˈie̯r# | *#ˌarʃjˈer# | *#ˌarʃˈer# | *#aʁʃe# {GOLD: #aʁʃe#}
96     | #ˈɑrkɑm# | *#ˈɑrkɑ# | *#ˈart͡ʃə# | *#ˈarʃə# | *#ˈarʃə# | *#aʁʃ# {GOLD: #aʁʃ#}
97     | #ˌɑrkˈellum# | *#ˌɑrcˈɛllo# | *#ˌart͡sʲˈɛl# | *#ˌarsʲe̯ˈaw# | *#ˌarsə̯ˈoː# | *#aʁso# {GOLD: #aʁso#}
98     | #ˌɑrkiˈoːn̪em# | *#ˌɑrcʝˈon̪ɛ# | *#ˌart͡sʲˈũn̪# | *#ˌarsʲˈũn̪# | *#ˌarsˈũː# | *#aʁsɔ̃# {GOLD: #aʁsɔ̃#}
99     | #ˈɑrkuːm# | *#ˈɑrku# | *#ˈark# | *#ˈark# | *#ˈark# | *#aʁk# {GOLD: #aʁk#}
100    | #ˌɑrmɑːt̪ˈuːrɑm# | *#ˌɑrmɑt̪ˈurɑ# | *#ˌarməðˈyrə# | *#ˌarməˈyrə# | *#ˌarmə̯ˈyrə# | *#aʁmyʁ# {GOLD: #aʁmyʁ#}
101    | #ɑrˈoːn̪eɑm# | *#ɑrˈon̪ʝɑ# | *#arˈũɲə# | *#arˈũɲə# | *#arˈũɲə# | *#aʁɔɲ# {GOLD: #ʁɔɲ#}
102    | #ˈɑrt̪em# | *#ˈɑrt̪ɛ# | *#ˈart̪# | *#ˈart̪# | *#ˈart̪# | *#aʁ# {GOLD: #aʁ#}
103    | #ˌɑrt̪ˈikulum# | *#ˌɑrt̪ˈeklo# | *#ˌart̪ˈeʎ# | *#ˌart̪ˈɛʎ# | *#ˌart̪ˈɛʎ# | *#aʁt̪ɛj# {GOLD: #ɔʁt̪ɛj#}
104    | #ˌɑsin̪ˈɑːrium# | *#ˌɑsen̪ˈɑrʝo# | *#ˌazn̪ˈie̯r# | *#ˌãn̪jˈer# | *#ˌãn̪jˈer# | *#an̪je# {GOLD: #an̪je#}
105    | #ˈɑsin̪um# | *#ˈɑsen̪o# | *#ˈazn̪ə# | *#ˈãn̪ə# | *#ˈãn̪ə# | *#an̪# {GOLD: #an̪#}
106    | #ɑt̪ˈɑwiɑm# | *#ɑt̪ˈɑʝɑ# | *#aðˈajə# | *#aˈajə# | *#aˈɛː# | *#aɛ# {GOLD: #t̪ɛ#}
107    | #ˌɑwˈeːn̪ɑm# | *#ˌɑβʷˈen̪ɑ# | *#ˌavˈojn̪ə# | *#ˌavwˈĩn̪ə# | *#ˌavwˈɛ̃n̪ə# | *#avwan̪# {GOLD: #avwan̪#}
108    | #ˌɑwɡust̪od̪ˈuːn̪um# | *#ˌɑwɣost̪ɔd̪ˈun̪o# | *#ˌɔst̪ˈyn̪# | *#ˌoːt̪ˈỹn̪# | *#ˌoːt̪ˈỹː# | *#ot̪œ̃# {GOLD: #ot̪œ̃#}
109    | #ˌɑwɡˈust̪um# | *#ˌɑɣˈost̪o# | *#ˌaˈost̪# | *#ˌaˈuːt̪# | *#ˈuːt̪# | *#ut̪# {GOLD: #ut̪#}
110    | #ˌɑwikˈelloːs# | *#ˌɑwcˈɛllos# | *#ˌɔjzˈɛɫs# | *#wˌɛze̯ˈaws# | *#wˌɛzə̯ˈoːs# | *#wazo# {GOLD: #wazo#}
111    | #ˌɑwikˈellum# | *#ˌɑwcˈɛllo# | *#ˌɔjzˈɛl# | *#wˌɛze̯ˈaw# | *#wˌɛzə̯ˈoː# | *#wazo# {GOLD: #wazo#}
112    | #ˌɑwiˈoːlɑm# | *#ˌɑʝˈolɑ# | *#ˌajˈowlə# | *#ˌajˈølə# | *#ˌajˈølə# | *#ajœl# {GOLD: #ajœl#}
113    | #ˌɑwiˈoːlum# | *#ˌɑʝˈolo# | *#ˌajˈowl# | *#ˌajˈølə# | *#ˌajˈølə# | *#ajœl# {GOLD: #ajœl#}
114    | #ˌɑwrˈikulɑm# | *#ˌɑwrˈeklɑ# | *#ˌɔrˈeʎə# | *#ˌɔrˈɛʎə# | *#ˌɔrˈɛʎə# | *#ɔʁɛj# {GOLD: #ɔʁɛj#}
115    | #ˈɑwrum# | *#ˈɑwro# | *#ˈɔr# | *#ˈɔr# | *#ˈɔr# | *#ɔʁ# {GOLD: #ɔʁ#}
116    | #ˌɑwsˈɑːre# | *#ˌɑwsˈɑrɛ# | *#ˌɔzˈeːr# | *#ˌɔzˈer# | *#ˌoːzˈer# | *#oze# {GOLD: #oze#}
117    | #ˌɑwskˌult̪ˈɑːre# | *#ˌɑskˌoɫt̪ˈɑrɛ# | *#ˌaskˌoɫt̪ˈeːr# | *#ˌaːkˌut̪ˈer# | *#ˌaːkˌut̪ˈer# | *#ɑkut̪e# {GOLD: #ekut̪e#}
118    | #ˈɑwt̪# | *#ˈɑwt̪# | *#ˈɔwθ# | *#ˈu# | *#ˈu# | *#u# {GOLD: #u#}
119    | #ˌɑwˈun̪kulum# | *#ˌɑˈoŋklo# | *#ˌaˈũŋklə# | *#ˌaˈũŋklə# | *#ˈũːklə# | *#ɔ̃kl# {GOLD: #ɔ̃kl#}
120    | #bˈɑd̪iɑm# | *#bˈɑʝʝɑ# | *#bˈajə# | *#bˈajə# | *#bˈɛː# | *#bɛ# {GOLD: #bɛ#}
121    | #bˈɑd̪ium# | *#bˈɑʝʝo# | *#bˈaj# | *#bˈɛ# | *#bˈɛ# | *#bɛ# {GOLD: #bɛ#}
122    | #bˈɑkɑm# | *#bˈɑkɑ# | *#bˈajə# | *#bˈajə# | *#bˈɛː# | *#bɛ# {GOLD: #bɛ#}
123    | #bˈɑkkum# | *#bˈɑkko# | *#bˈak# | *#bˈak# | *#bˈak# | *#bak# {GOLD: #bak#}
124    | #bˈɑln̪eoːs# | *#bˈɑn̪ʝos# | *#bˈãj̃n̪t͡sʲ# | *#bˈɛ̃j̃n̪sʲ# | *#bˈɛ̃ːs# | *#bɛ̃# {GOLD: #bɛ̃#}
125    | #bˈɑln̪eum# | *#bˈɑn̪ʝo# | *#bˈãj̃ɲ# | *#bˈɛ̃j̃ɲ# | *#bˈɛ̃ː# | *#bɛ̃# {GOLD: #bɛ̃#}
126    | #bˈɑlsɑmum# | *#bˈɑɫsɑmo# | *#bˈaɫmə# | *#bˈawmə# | *#bˈoːmə# | *#bom# {GOLD: #bom#}
127    | #bˈɑrbɑm# | *#bˈɑrbɑ# | *#bˈarbə# | *#bˈarbə# | *#bˈarbə# | *#baʁb# {GOLD: #baʁb#}
128    | #bˈɑrɡɑm# | *#bˈɑrɡɑ# | *#bˈard͡ʒə# | *#bˈarʒə# | *#bˈarʒə# | *#baʁʒ# {GOLD: #baʁʒ#}
129    | #bˈɑrrɑm# | *#bˈɑrrɑ# | *#bˈarrə# | *#bˈarə# | *#bˈarə# | *#baʁ# {GOLD: #baʁ#}
130    | #bˌɑsiˈɑːre# | *#bˌɑsʝˈɑrɛ# | *#bˌajzʲˈie̯r# | *#bˌɛzʲjˈer# | *#bˌɛzˈer# | *#bɛze# {GOLD: #bɛze#}
131    | #bˈɑssɑm# | *#bˈɑssɑ# | *#bˈasə# | *#bˈaːsə# | *#bˈaːsə# | *#bɑs# {GOLD: #bɑs#}
132    | #bˌɑssiˈɑːre# | *#bˌɑssʝˈɑrɛ# | *#bˌajsʲˈie̯r# | *#bˌɛsʲjˈer# | *#bˌɛsˈer# | *#bɛse# {GOLD: #bɛse#}
133    | #bˈɑssum# | *#bˈɑsso# | *#bˈas# | *#bˈaːs# | *#bˈaːs# | *#bɑ# {GOLD: #bɑ#}
134    | #bˌɑst̪ˈiːre# | *#bˌɑst̪ˈirɛ# | *#bˌast̪ˈir# | *#bˌaːt̪ˈir# | *#bˌaːt̪ˈir# | *#bɑt̪iʁ# {GOLD: #bɑt̪iʁ#}
135    | #bˌɑst̪ˈoːn̪em# | *#bˌɑst̪ˈon̪ɛ# | *#bˌast̪ˈũn̪# | *#bˌaːt̪ˈũn̪# | *#bˌaːt̪ˈũː# | *#bɑt̪ɔ̃# {GOLD: #bɑt̪ɔ̃#}
136    | #bˌɑt̪t̪uˈɑːliɑ# | *#bˌɑt̪t̪wˈɑlʝɑ# | *#bˌat̪ˈaʎə# | *#bˌat̪ˈaʎə# | *#bˌat̪ˈaʎə# | *#bat̪ɑj# {GOLD: #bat̪ɑj#}
137    | #bˈɑt̪t̪uere# | *#bˈɑt̪t̪wɛrɛ# | *#bˈat̪rə# | *#bˈat̪rə# | *#bˈat̪rə# | *#bat̪ʁ# {GOLD: #bat̪ʁ#}
138    | #bˈɑwɑm# | *#bˈɑwɑ# | *#bˈɔwə# | *#bˈuə# | *#bˈuː# | *#bu# {GOLD: #bu#}
139    | #bˈekkum# | *#bˈɛkko# | *#bˈɛk# | *#bˈɛk# | *#bˈɛk# | *#bɛk# {GOLD: #bɛk#}
140    | #bˈellɑm# | *#bˈɛllɑ# | *#bˈɛlə# | *#bˈɛlə# | *#bˈɛlə# | *#bɛl# {GOLD: #bɛl#}
141    | #bˈellɑːs# | *#bˈɛllɑs# | *#bˈɛləs# | *#bˈɛləs# | *#bˈɛlə# | *#bɛl# {GOLD: #bɛl#}
142    | #bˌellit̪ˈɑːt̪em# | *#bˌɛllet̪ˈɑt̪ɛ# | *#bˌɛɫt̪ˈeːθ# | *#be̯ˌawt̪ˈe# | *#bə̯ˌoːt̪ˈe# | *#bot̪e# {GOLD: #bot̪e#}
143    | #bˈelloːs# | *#bˈɛllos# | *#bˈɛɫs# | *#be̯ˈaws# | *#bə̯ˈoːs# | *#bo# {GOLD: #bo#}
144    | #bˈellum# | *#bˈɛllo# | *#bˈɛl# | *#be̯ˈaw# | *#bə̯ˈoː# | *#bo# {GOLD: #bo#}
145    | #bˈen̪e# | *#bˈɛn̪ɛ# | *#bˈie̯n̪# | *#bjˈẽn̪# | *#bjˈẽː# | *#bjɛ̃# {GOLD: #bjɛ̃#}
146    | #bˌen̪ed̪ˈikt̪um# | *#bˌɛn̪ɛd̪ˈext̪o# | *#bˌən̪ˈejt̪# | *#bˌən̪wˈɛt̪# | *#bˌən̪wˈɛt̪# | *#bən̪wa# {GOLD: #bən̪wa#}
147    | #bˈen̪n̪ɑm# | *#bˈɛn̪n̪ɑ# | *#bˈɛ̃n̪ə# | *#bˈãn̪ə# | *#bˈãn̪ə# | *#ban̪# {GOLD: #ban̪#}
148    | #bˌerbˈiːkem# | *#bˌɛrbˈicɛ# | *#bˌɛrbˈit͡sʲ# | *#bˌɛrbˈisʲ# | *#bˌɛrbˈis# | *#bɛʁbi# {GOLD: #bʁəbi#}
149    | #bˈerulɑm# | *#bˈɛrlɑ# | *#bˈɛrlə# | *#bˈɛrlə# | *#bˈɛrlə# | *#bɛʁl# {GOLD: #bɛʁl#}
150    | #bˈest̪iɑ# | *#bˈɛst͡sʲʝɑ# | *#bˈisə# | *#bˈiːsə# | *#bˈiːsə# | *#bis# {GOLD: #bis#}
151    | #bˈiːlium# | *#bˈilʝo# | *#bˈiʎ# | *#bˈiʎ# | *#bˈiʎ# | *#bij# {GOLD: #bij#}
152    | #blˈɑn̪kɑm# | *#blˈɑŋkɑ# | *#blˈãn̪t͡ʃə# | *#blˈãn̪ʃə# | *#blˈãːʃə# | *#blɑ̃ʃ# {GOLD: #blɑ̃ʃ#}
153    | #blˈɑn̪koːs# | *#blˈɑŋkos# | *#blˈãn̪s# | *#blˈãn̪s# | *#blˈãːs# | *#blɑ̃# {GOLD: #blɑ̃#}
154    | #blˈɑn̪kum# | *#blˈɑŋko# | *#blˈãŋk# | *#blˈãŋk# | *#blˈãːk# | *#blɑ̃# {GOLD: #blɑ̃#}
155    | #bˌombit̪ˈiːre# | *#bˌɔmbet̪ˈirɛ# | *#bˌũmd̪ˈir# | *#bˌũn̪d̪ˈir# | *#bˌũːd̪ˈir# | *#bɔ̃d̪iʁ# {GOLD: #bɔ̃d̪iʁ#}
156    | #bˌon̪it̪ˈɑːt̪em# | *#bˌɔn̪et̪ˈɑt̪ɛ# | *#bˌũn̪t̪ˈeːθ# | *#bˌũn̪t̪ˈe# | *#bˌũːt̪ˈe# | *#bɔ̃t̪e# {GOLD: #bɔ̃t̪e#}
157    | #bˌon̪ˈoːn̪iɑm# | *#bˌɔn̪ˈon̪ʝɑ# | *#bˌũn̪ˈũɲə# | *#bˌũn̪ˈũɲə# | *#bˌũn̪ˈũɲə# | *#bɔn̪ɔɲ# {GOLD: #bulɔɲ#}
158    | #bˌon̪um# | *#bˌɔn̪o# | *#bˌũn̪# | *#bˌũn̪# | *#bˌũː# | *#bɔ̃# {GOLD: #bɔ̃#}
159    | #bˌot̪ˈelloːs# | *#bˌɔt̪ˈɛllos# | *#bˌoðˈɛɫs# | *#bwˌɛjˈaws# | *#bwˌɛjˈoːs# | *#bwajo# {GOLD: #bwajo#}
160    | #bˌot̪ˈellum# | *#bˌɔt̪ˈɛllo# | *#bˌoðˈɛl# | *#bwˌɛjˈaw# | *#bwˌɛjˈoː# | *#bwajo# {GOLD: #bwajo#}
161    | #bˈowem# | *#bˈɔβʷɛ# | *#bˈye̯f# | *#bˈøf# | *#bˈøf# | *#bœf# {GOLD: #bœf#}
162    | #bˈowes# | *#bˈɔβʷɛs# | *#bˈye̯s# | *#bˈøːs# | *#bˈøːs# | *#bø# {GOLD: #bø#}
163    | #brˈɑːkɑm# | *#brˈɑkɑ# | *#brˈajə# | *#brˈajə# | *#brˈɛː# | *#bʁɛ# {GOLD: #bʁɛ#}
164    | #brˈɑkʰiɑm# | *#brˈɑccʝɑ# | *#brˈat͡sʲə# | *#brˈasʲə# | *#brˈasə# | *#bʁas# {GOLD: #bʁas#}
165    | #brˈɑkʰium# | *#brˈɑccʝo# | *#brˈat͡sʲ# | *#brˈasʲ# | *#brˈas# | *#bʁa# {GOLD: #bʁɑ#}
166    | #brˈɑn̪d̪um# | *#brˈɑn̪d̪o# | *#brˈãn̪t̪# | *#brˈãn̪t̪# | *#brˈãːt̪# | *#bʁɑ̃# {GOLD: #bʁɑ̃#}
167    | #brˈɑn̪kɑm# | *#brˈɑŋkɑ# | *#brˈãn̪t͡ʃə# | *#brˈãn̪ʃə# | *#brˈãːʃə# | *#bʁɑ̃ʃ# {GOLD: #bʁɑ̃ʃ#}
168    | #brˈɑsɑm# | *#brˈɑsɑ# | *#brˈeːzə# | *#brˈezə# | *#brˈezə# | *#bʁɛz# {GOLD: #bʁɛz#}
169    | #brˈen̪n̪um# | *#brˈɛn̪n̪o# | *#brˈɛ̃n̪# | *#brˈãn̪# | *#brˈãː# | *#bʁɑ̃# {GOLD: #bʁɑ̃#}
170    | #brˈewem# | *#brˈɛβʷɛ# | *#brˈie̯f# | *#brjˈef# | *#brjˈef# | *#bʁjɛf# {GOLD: #bʁɛf#}
171    | #brˈiːn̪um# | *#brˈin̪o# | *#brˈin̪# | *#brˈĩn̪# | *#brˈẽː# | *#bʁɛ̃# {GOLD: #bʁɛ̃#}
172    | #brˌit̪t̪ˈɑn̪iɑm# | *#brˌet̪t̪ˈɑn̪ʝɑ# | *#brˌət̪ˈãɲə# | *#brˌət̪ˈãɲə# | *#brˌət̪ˈãɲə# | *#bʁət̪aɲ# {GOLD: #bʁət̪aɲ#}
173    | #brˈoɡilum# | *#brˈɔɡlo# | *#brˈye̯ʎ# | *#brˈøʎ# | *#brˈøʎ# | *#bʁœj# {GOLD: #bʁœj#}
174    | #brˌuːkˈɑriɑm# | *#brˌukˈɑrʝɑ# | *#brˌyjˈie̯rə# | *#brɥˌijˈerə# | *#brɥˌijˈerə# | *#bʁɥijɛʁ# {GOLD: #bʁɥijɛʁ#}
175    | #bˈukkɑm# | *#bˈokkɑ# | *#bˈot͡ʃə# | *#bˈuʃə# | *#bˈuʃə# | *#buʃ# {GOLD: #buʃ#}
176    | #bˈuksit̪ɑm# | *#bˈoxset̪ɑ# | *#bˈojst̪ə# | *#bwˈɛːt̪ə# | *#bwˈɛːt̪ə# | *#bwat̪# {GOLD: #bwat̪#}
177    | #bˈulɡɑm# | *#bˈoɫɡɑ# | *#bˈoɫd͡ʒə# | *#bˈuʒə# | *#bˈuʒə# | *#buʒ# {GOLD: #buʒ#}
178    | #bˌullikˈɑːre# | *#bˌollekˈɑrɛ# | *#bˌoɫd͡ʒˈie̯r# | *#bˌuʒjˈer# | *#bˌuʒˈer# | *#buʒe# {GOLD: #buʒe#}
179    | #bˌulliˈen̪t̪em# | *#bˌollʝˈɛn̪t̪ɛ# | *#bˌoʎˈɛ̃n̪t̪# | *#bˌuʎˈãn̪t̪# | *#bˌuʎˈãːt̪# | *#bujɑ̃# {GOLD: #bujɑ̃#}
180    | #bˈun̪d̪ɑm# | *#bˈon̪d̪ɑ# | *#bˈũn̪d̪ə# | *#bˈũn̪d̪ə# | *#bˈũːd̪ə# | *#bɔ̃d̪# {GOLD: #bɔ̃d̪#}
181    | #bˈurɡum# | *#bˈorɡo# | *#bˈork# | *#bˈurk# | *#bˈurk# | *#buʁ# {GOLD: #buʁ#}
182    | #bˌurriˈoːn̪em# | *#bˌorrʝˈon̪ɛ# | *#bˌord͡ʒˈũn̪# | *#bˌurʒˈũn̪# | *#bˌurʒˈũː# | *#buʁʒɔ̃# {GOLD: #buʁʒɔ̃#}
183    | #bˈut̪in̪ɑm# | *#bˈot̪en̪ɑ# | *#bˈoðn̪ə# | *#bˈɔrn̪ə# | *#bˈɔrn̪ə# | *#bɔʁn̪# {GOLD: #bɔʁn̪#}
184    | #d̪ˈɑːmum# | *#d̪ˈɑmo# | *#d̪ˈãj̃n̪# | *#d̪ˈɛ̃j̃n̪# | *#d̪ˈɛ̃ː# | *#d̪ɛ̃# {GOLD: #d̪ɛ̃#}
185    | #d̪ˈɑrd̪um# | *#d̪ˈɑrd̪o# | *#d̪ˈart̪# | *#d̪ˈart̪# | *#d̪ˈart̪# | *#d̪aʁ# {GOLD: #d̪aʁ#}
186    | #d̪ˌeːbˈeːre# | *#d̪ˌeβˈerɛ# | *#d̪ˌəvˈojr# | *#d̪ˌəvwˈɛr# | *#d̪ˌəvwˈɛr# | *#d̪əvwaʁ# {GOLD: #d̪əvwaʁ#}
187    | #d̪ˈeːben̪t̪# | *#d̪ˈeβɛn̪t̪# | *#d̪ˈejvən̪t̪# | *#d̪wˈɛvət̪# | *#d̪wˈɛvə# | *#d̪wav# {GOLD: #d̪wav#}
188    | #d̪ˈeːbet̪# | *#d̪ˈeβɛt̪# | *#d̪ˈet̪# | *#d̪ˈet̪# | *#d̪ˈet̪# | *#d̪e# {GOLD: #d̪wa#}
189    | #d̪ˈeːbit̪ɑ# | *#d̪ˈeβet̪ɑ# | *#d̪ˈet̪ə# | *#d̪ˈɛt̪ə# | *#d̪ˈɛt̪ə# | *#d̪ɛt̪# {GOLD: #d̪ɛt̪#}
190    | #d̪ˌeˈin̪t̪us# | *#d̪ˌɛˈen̪t̪os# | *#d̪ˌəˈẽn̪t͡s# | *#d̪ˌəˈãn̪s# | *#d̪ˈãːs# | *#d̪ɑ̃# {GOLD: #d̪ɑ̃#}
191    | #d̪ˌelfˈiːn̪um# | *#d̪ˌɛɫfˈin̪o# | *#d̪ˌɛɫfˈin̪# | *#d̪e̯ˌawfˈĩn̪# | *#d̪ə̯ˌoːfˈẽː# | *#d̪ofɛ̃# {GOLD: #d̪ofɛ̃#}
192    | #d̪ˌekˈɑːn̪um# | *#d̪ˌɛkˈɑn̪o# | *#d̪ˌejˈie̯n̪# | *#d̪wˌɛjˈẽn̪# | *#d̪wˌɛjˈẽː# | *#d̪wajɛ̃# {GOLD: #d̪wajɛ̃#}
193    | #d̪ˈekimum# | *#d̪ˈɛcemo# | *#d̪ˈit͡sʲmə# | *#d̪ˈiːmə# | *#d̪ˈiːmə# | *#d̪im# {GOLD: #d̪im#}
194    | #d̪ˌemˈɑːn̪e# | *#d̪ˌɛmˈɑn̪ɛ# | *#d̪ˌəmˈãj̃n̪# | *#d̪ˌəmˈɛ̃j̃n̪# | *#d̪ˌəmˈɛ̃ː# | *#d̪əmɛ̃# {GOLD: #d̪əmɛ̃#}
195    | #d̪ˌen̪ɑrˈɑːt̪ɑ# | *#d̪ˌɛn̪ɑrˈɑt̪ɑ# | *#d̪ˌən̪ərˈeːðə# | *#d̪ˌən̪ərˈeə# | *#d̪ˌən̪rˈeː# | *#d̪ən̪ʁe# {GOLD: #d̪ɑ̃ʁe#}
196    | #d̪ˈen̪t̪em# | *#d̪ˈɛn̪t̪ɛ# | *#d̪ˈɛ̃n̪t̪# | *#d̪ˈãn̪t̪# | *#d̪ˈãːt̪# | *#d̪ɑ̃# {GOLD: #d̪ɑ̃#}
197    | #d̪ˈerbit̪ɑːrum# | *#d̪ˈɛrbet̪ɑro# | *#d̪ˈɛrt̪rə# | *#d̪ˈɛrt̪rə# | *#d̪ˈɛrt̪rə# | *#d̪ɛʁt̪ʁ# {GOLD: #d̪aʁt̪ʁ#}
198    | #d̪ˌeːrˈet̪roː# | *#d̪ˌerˈɛt̪ro# | *#d̪ˌerˈie̯ðrə# | *#d̪ˌɛrjˈerə# | *#d̪ˌɛrjˈerə# | *#d̪ɛʁjɛʁ# {GOLD: #d̪ɛʁjɛʁ#}
199    | #d̪ˌeːsˈuːrsum# | *#d̪ˌesˈuso# | *#d̪ˌəzˈys# | *#d̪ˌəzˈyːs# | *#d̪ˌəzˈyːs# | *#d̪əzy# {GOLD: #d̪əsy#}
200    | #d̪ˈeum# | *#d̪ˈɛo# | *#d̪ˈie̯w# | *#d̪jˈø# | *#d̪jˈø# | *#d̪jø# {GOLD: #d̪jø#}
201    | #d̪eːˈun̪d̪e# | *#d̪eˈon̪d̪ɛ# | *#d̪ˈũn̪t̪# | *#d̪ˈũn̪t̪# | *#d̪ˈũːt̪# | *#d̪ɔ̃# {GOLD: #d̪ɔ̃#}
202    | #d̪ˌiːd̪omˈin̪ikɑ# | *#d̪ˌid̪ɔmˈen̪ekɑ# | *#d̪ˌiðmˈẽn̪d͡ʒə# | *#d̪ˌĩmˈãn̪ʒə# | *#d̪ˌimˈãːʒə# | *#d̪imɑ̃ʒ# {GOLD: #d̪imɑ̃ʃ#}
203    | #d̪ˈiɡit̪um# | *#d̪ˈeʝet̪o# | *#d̪ˈejθ# | *#d̪wˈɛ# | *#d̪wˈɛ# | *#d̪wa# {GOLD: #d̪wa#}
204    | #d̪ˌimˈed̪ium# | *#d̪ˌemˈɛʝʝo# | *#d̪ˌəmˈi# | *#d̪ˌəmˈi# | *#d̪ˌəmˈi# | *#d̪əmi# {GOLD: #d̪əmi#}
205    | #d̪iːrˈekt̪ɑm# | *#d̪irˈɛxt̪ɑ# | *#d̪rˈit̪ə# | *#d̪rˈit̪ə# | *#d̪rˈit̪ə# | *#d̪ʁit̪# {GOLD: #d̪ʁwat̪#}
206    | #d̪iːrˈekt̪um# | *#d̪irˈɛxt̪o# | *#d̪rˈit̪# | *#d̪rˈit̪# | *#d̪rˈit̪# | *#d̪ʁi# {GOLD: #d̪ʁwa#}
207    | #d̪ˌisiuːn̪ˈɑːre# | *#d̪ˌesʝen̪ˈɑrɛ# | *#d̪ˌizn̪ˈie̯r# | *#d̪ˌĩːn̪jˈer# | *#d̪ˌiːn̪jˈer# | *#d̪in̪je# {GOLD: #d̪in̪e#}
208    | #d̪ˌisˈoːrd̪in̪em# | *#d̪ˌesˈord̪en̪ɛ# | *#d̪ˌəzˈord̪rə# | *#d̪ˌəzˈɔrd̪rə# | *#d̪ˌəzˈɔrd̪rə# | *#d̪əzɔʁd̪ʁ# {GOLD: #d̪ezɔʁd̪ʁ#}
209    | #d̪iˌurn̪ˈɑːt̪ɑm# | *#ɟʝˌorn̪ˈɑt̪ɑ# | *#d͡ʒˌorn̪ˈeːðə# | *#ʒˌurn̪ˈeə# | *#ʒˌurn̪ˈeː# | *#ʒuʁn̪e# {GOLD: #ʒuʁn̪e#}
210    | #d̪iˈurn̪oːs# | *#ɟʝˈorn̪os# | *#d͡ʒˈors# | *#ʒˈurs# | *#ʒˈurs# | *#ʒuʁ# {GOLD: #ʒuʁ#}
211    | #d̪ˌiːwˈiːn̪um# | *#d̪ˌiβʷˈin̪o# | *#d̪ˌəvˈin̪# | *#d̪ˌəvˈĩn̪# | *#d̪ˌəvˈẽː# | *#d̪əvɛ̃# {GOLD: #d̪əvɛ̃#}
212    | #d̪ˌiːβiˈoːn̪em# | *#d̪ˌiβʝˈon̪ɛ# | *#d̪ˌid͡ʒˈũn̪# | *#d̪ˌiʒˈũn̪# | *#d̪ˌiʒˈũː# | *#d̪iʒɔ̃# {GOLD: #d̪iʒɔ̃#}
213    | #d̪ˌolˈoːrem# | *#d̪ˌɔlˈorɛ# | *#d̪ˌolˈowr# | *#d̪ˌulˈør# | *#d̪ˌulˈør# | *#d̪ulœʁ# {GOLD: #d̪ulœʁ#}
214    | #d̪ˈolum# | *#d̪ˈɔlo# | *#d̪ˈye̯l# | *#d̪ˈøl# | *#d̪ˈøl# | *#d̪œl# {GOLD: #d̪œj#}
215    | #d̪ˈomin̪ɑm# | *#d̪ˈɔmen̪ɑ# | *#d̪ˈũmə# | *#d̪ˈũmə# | *#d̪ˈũmə# | *#d̪ɔm# {GOLD: #d̪am#}
216    | #d̪ˌomn̪iˈɑːrium# | *#d̪ˌɔmn̪ʝˈɑrʝo# | *#d̪ˌũmd͡ʒˈie̯r# | *#d̪ˌũn̪ʒjˈer# | *#d̪ˌũːʒˈer# | *#d̪ɔ̃ʒe# {GOLD: #d̪ɑ̃ʒe#}
217    | #d̪ˌomn̪iˈoːn̪em# | *#d̪ˌɔmn̪ʝˈon̪ɛ# | *#d̪ˌũmd͡ʒˈũn̪# | *#d̪ˌũn̪ʒˈũn̪# | *#d̪ˌũːʒˈũː# | *#d̪ɔ̃ʒɔ̃# {GOLD: #d̪ɔ̃ʒɔ̃#}
218    | #d̪ˌomn̪ikˈellɑm# | *#d̪ˌɔmn̪ecˈɛllɑ# | *#d̪ˌũmejzˈɛlə# | *#d̪ˌũmwɛzˈɛlə# | *#d̪ˌũmwɛzˈɛlə# | *#d̪ɔmwazɛl# {GOLD: #d̪əmwazɛl#}
219    | #d̪ˈoːɡɑ# | *#d̪ˈoɣɑ# | *#d̪ˈuvə# | *#d̪ˈuvə# | *#d̪ˈuvə# | *#d̪uv# {GOLD: #d̪uv#}
220    | #d̪ˌoːn̪ˈɑːre# | *#d̪ˌon̪ˈɑrɛ# | *#d̪ˌũn̪ˈeːr# | *#d̪ˌũn̪ˈer# | *#d̪ˌũn̪ˈer# | *#d̪ɔn̪e# {GOLD: #d̪ɔn̪e#}
221    | #d̪ˈoːn̪ɑt̪# | *#d̪ˈon̪ɑt̪# | *#d̪ˈũn̪əθ# | *#d̪ˈũn̪ə# | *#d̪ˈũn̪ə# | *#d̪ɔn̪# {GOLD: #d̪ɔn̪#}
222    | #d̪ˈoːn̪um# | *#d̪ˈon̪o# | *#d̪ˈũn̪# | *#d̪ˈũn̪# | *#d̪ˈũː# | *#d̪ɔ̃# {GOLD: #d̪ɔ̃#}
223    | #d̪ˌormˈiːre# | *#d̪ˌɔrmˈirɛ# | *#d̪ˌormˈir# | *#d̪ˌurmˈir# | *#d̪ˌurmˈir# | *#d̪uʁmiʁ# {GOLD: #d̪ɔʁmiʁ#}
224    | #d̪ˈormit̪# | *#d̪ˈɔrmet̪# | *#d̪ˈɔrt̪# | *#d̪ˈɔrt̪# | *#d̪ˈɔrt̪# | *#d̪ɔʁ# {GOLD: #d̪ɔʁ#}
225    | #d̪ˌormiːt̪ˈoːrium# | *#d̪ˌɔrmit̪ˈorʝo# | *#d̪ˌɔrt̪ˈojr# | *#d̪ˌɔrt̪wˈɛr# | *#d̪ˌɔrt̪wˈɛr# | *#d̪ɔʁt̪waʁ# {GOLD: #d̪ɔʁt̪waʁ#}
226    | #d̪ˈorsum# | *#d̪ˈɔrso# | *#d̪ˈɔrs# | *#d̪ˈɔrs# | *#d̪ˈɔrs# | *#d̪ɔʁ# {GOLD: #d̪o#}
227    | #d̪rˈɑppoːs# | *#d̪rˈɑppos# | *#d̪rˈas# | *#d̪rˈaːs# | *#d̪rˈaːs# | *#d̪ʁɑ# {GOLD: #d̪ʁa#}
228    | #d̪rˈɑppum# | *#d̪rˈɑppo# | *#d̪rˈap# | *#d̪rˈap# | *#d̪rˈap# | *#d̪ʁa# {GOLD: #d̪ʁa#}
229    | #d̪ˈubit̪um# | *#d̪ˈoβet̪o# | *#d̪ˈot̪ə# | *#d̪ˈut̪ə# | *#d̪ˈut̪ə# | *#d̪ut̪# {GOLD: #d̪ut̪#}
230    | #d̪ˈulkiɑm# | *#d̪ˈoɫcʝɑ# | *#d̪ˈoɫt͡sʲə# | *#d̪ˈusʲə# | *#d̪ˈusə# | *#d̪us# {GOLD: #d̪us#}
231    | #d̪ˈulkium# | *#d̪ˈoɫcʝo# | *#d̪ˈoɫt͡sʲ# | *#d̪ˈusʲ# | *#d̪ˈus# | *#d̪u# {GOLD: #d̪u#}
232    | #d̪uˈoːs# | *#d̪wˈos# | *#d̪ˈows# | *#d̪ˈøːs# | *#d̪ˈøːs# | *#d̪ø# {GOLD: #d̪ø#}
233    | #d̪ˈuplum# | *#d̪ˈoplo# | *#d̪ˈublə# | *#d̪ˈublə# | *#d̪ˈublə# | *#d̪ubl# {GOLD: #d̪ubl#}
234    | #d̪ˈuːrɑm# | *#d̪ˈurɑ# | *#d̪ˈyrə# | *#d̪ˈyrə# | *#d̪ˈyrə# | *#d̪yʁ# {GOLD: #d̪yʁ#}
235    | #d̪ˈuːrɑːs# | *#d̪ˈurɑs# | *#d̪ˈyrəs# | *#d̪ˈyrəs# | *#d̪ˈyrə# | *#d̪yʁ# {GOLD: #d̪yʁ#}
236    | #d̪ˈuːroːs# | *#d̪ˈuros# | *#d̪ˈyrs# | *#d̪ˈyrs# | *#d̪ˈyrs# | *#d̪yʁ# {GOLD: #d̪yʁ#}
237    | #d̪ˈuːrum# | *#d̪ˈuro# | *#d̪ˈyr# | *#d̪ˈyr# | *#d̪ˈyr# | *#d̪yʁ# {GOLD: #d̪yʁ#}
238    | #ˈebrium# | *#ˈɛβrʝo# | *#ˈivrə# | *#ˈivrə# | *#ˈivrə# | *#ivʁ# {GOLD: #ivʁ#}
239    | #ˌeɡoː# | *#ˌɛɣo# | *#ˌɛ# | *#ˌɛ# | *#ˌɛ# | *#ɛ# {GOLD: #ʒə#}
240    | #ekkehˌɑk# | *#ɛccʝˌɑk# | *#t͡sʲˌa# | *#sʲˌa# | *#sˌa# | *#sa# {GOLD: #sa#}
241    | #ekkehˌiːk# | *#ɛccʝˌik# | *#t͡sʲˌi# | *#sʲˌi# | *#sˌi# | *#si# {GOLD: #si#}
242    | #ekkehˌok# | *#ɛccʝˌɔk# | *#t͡sʲˌo# | *#sʲˌu# | *#sˌu# | *#su# {GOLD: #sə#}
243    | #ekkeˌillɑ# | *#ɛccʝˌellɑ# | *#t͡sʲˌɛlə# | *#sʲˌɛlə# | *#sˌɛlə# | *#sɛl# {GOLD: #sɛl#}
244    | #ekkeˌillɑːs# | *#ɛccʝˌellɑs# | *#t͡sʲˌɛləs# | *#sʲˌɛləs# | *#sˌɛlə# | *#sɛl# {GOLD: #sɛl#}
245    | #ekkeˌilloːs# | *#ɛccʝˌellos# | *#t͡sʲˌeɫs# | *#sʲˌøs# | *#sˌøs# | *#sø# {GOLD: #sø#}
246    | #ekkeˌillum# | *#ɛccʝˌello# | *#t͡sʲˌel# | *#sʲˌø# | *#sˌø# | *#sø# {GOLD: #sə#}
247    | #ekkeˌist̪ɑm# | *#ɛccʝˌest̪ɑ# | *#t͡sʲˌest̪ə# | *#sʲˌet̪ə# | *#sˌet̪ə# | *#sɛt̪# {GOLD: #sɛt̪#}
248    | #ekkeˌist̪um# | *#ɛccʝˌest̪o# | *#t͡sʲˌest̪# | *#sʲˌet̪# | *#sˌet̪# | *#se# {GOLD: #sə#}
249    | #ekkeˌist̪oːs# | *#ɛccʝˌest̪os# | *#t͡sʲˌet͡s# | *#sʲˌes# | *#sˌes# | *#se# {GOLD: #se#}
250    | #ˌeksˌae̯kwˈɑːre# | *#ˌɛxsˌɛkwˈɑrɛ# | *#ˌesˌejvˈeːr# | *#ˌeswˌɛvˈer# | *#ˌeswˌɛvˈer# | *#eswave# {GOLD: #esəve#}
251    | #ˌeksˈɑɡium# | *#ˌɛxsˈɑʝʝo# | *#ˌesˈaj# | *#ˌesˈɛ# | *#ˌesˈɛ# | *#esɛ# {GOLD: #esɛ#}
252    | #ˌeksˌɑkwˈɑːre# | *#ˌɛxsˌɑkwˈɑrɛ# | *#ˌesˌajvˈeːr# | *#ˌesˌɛvˈer# | *#ˌesˌɛvˈer# | *#esɛve# {GOLD: #esave#}
253    | #ˌeksˌɑlt̪iˈɑːre# | *#ˌɛxsˌɑɫt͡sʲʝˈɑrɛ# | *#ˌesˌaɫt͡sʲˈie̯r# | *#ˌesˌawsʲjˈer# | *#ˌesˌoːsˈer# | *#esose# {GOLD: #esose#}
254    | #ˌeksˈɑːmen̪# | *#ˌɛxsˈɑmɛ# | *#ˌesˈãj̃n̪# | *#ˌesˈɛ̃j̃n̪# | *#ˌesˈɛ̃ː# | *#esɛ̃# {GOLD: #esɛ̃#}
255    | #ˌeksˌɑwrˈɑːre# | *#ˌɛxsˌɑwrˈɑrɛ# | *#ˌesˌɔrˈeːr# | *#ˌesˌɔrˈer# | *#ˌesˌɔrˈer# | *#esɔʁe# {GOLD: #esɔʁe#}
256    | #ˌeksfrˌuːkt̪ˈɑːre# | *#ˌɛsfrˌuxt̪ˈɑrɛ# | *#ˌezfrˌyjt̪ʲˈie̯r# | *#ˌefrɥˌit̪ʲjˈer# | *#ˌefrˌit̪ˈer# | *#efʁit̪e# {GOLD: #efʁit̪e#}
257    | #ˌekslˌɑːrikˈɑːre# | *#ˌɛslˌɑrekˈɑrɛ# | *#ˌezlˌard͡ʒˈie̯r# | *#ˌəlˌarʒjˈer# | *#ˌəlˌarʒˈer# | *#əlaʁʒe# {GOLD: #eklaʁʒe#}
258    | #ˌekskˌɑmbiˈɑːre# | *#ˌɛskˌɑmbʝˈɑrɛ# | *#ˌest͡ʃˌãmd͡ʒˈie̯r# | *#ˌeʃˌãn̪ʒjˈer# | *#ˌeʃˌãːʒˈer# | *#eʃɑ̃ʒe# {GOLD: #eʃɑ̃ʒe#}
259    | #ˌekskˌɑd̪ˈeːre# | *#ˌɛskˌɑd̪ˈerɛ# | *#ˌest͡ʃˌaðˈejr# | *#ˌeʃˌawˈɛr# | *#ˌeʃˌoːˈɛr# | *#eʃoɛʁ# {GOLD: #eʃwaʁ#}
260    | #ˌekskˌɑlkit̪rˈɑːre# | *#ˌɛskˌɑɫcet̪rˈɑrɛ# | *#ˌest͡ʃˌaɫt͡sʲəðrˈeːr# | *#ˌeʃˌawsʲərˈer# | *#ˌeʃˌoːsrˈer# | *#eʃɔsʁe# {GOLD: #eʃosiʁe#}
261    | #ˌekskˌɑlefˈɑkere# | *#ˌɛskˌɑlɛfˈɑkrɛ# | *#ˌest͡ʃˌaɫvˈajrə# | *#ˌeʃˌawvˈɛrə# | *#ˌeʃˌoːvˈɛrə# | *#eʃovɛʁ# {GOLD: #eʃofe#}
262    | #ˌekskˌɑppˈɑːre# | *#ˌɛskˌɑppˈɑrɛ# | *#ˌest͡ʃˌapˈeːr# | *#ˌeʃˌapˈer# | *#ˌeʃˌapˈer# | *#eʃape# {GOLD: #eʃape#}
263    | #ˌekskˌɑrn̪ˈɑːre# | *#ˌɛskˌɑrn̪ˈɑrɛ# | *#ˌest͡ʃˌarn̪ˈeːr# | *#ˌeʃˌarn̪ˈer# | *#ˌeʃˌarn̪ˈer# | *#eʃaʁn̪e# {GOLD: #eʃaʁn̪e#}
264    | #ˌekskˌɑrpsum# | *#ˌɛskˌɑrpso# | *#ˌest͡ʃˌars# | *#ˌeʃˌars# | *#ˌeʃˌars# | *#eʃaʁ# {GOLD: #eʃaʁ#}
265    | #ˌekskˌɑwt̪ˈɑːre# | *#ˌɛskˌɑwt̪ˈɑrɛ# | *#ˌest͡ʃˌɔwðˈeːr# | *#ˌeʃˌuˈer# | *#ˌeʃˌuˈer# | *#eʃwe# {GOLD: #eʃue#}
266    | #ˌeksklˌɑːrikˈiːre# | *#ˌɛsklˌɑrecˈirɛ# | *#ˌezlˌart͡sʲˈir# | *#ˌəlˌarsʲˈir# | *#ˌəlˌarsˈir# | *#əlaʁsiʁ# {GOLD: #eklɛʁsiʁ#}
267    | #ˌekskˈort̪ikˈɑːre# | *#ˌɛskˈɔrt̪ekˈɑrɛ# | *#ˌeskˈɔrt͡ʃˈie̯r# | *#ˌekˈɔrʃjˈer# | *#ˌekˈɔrʃˈer# | *#ekɔʁʃe# {GOLD: #ekɔʁʃe#}
268    | #ˌekst̪rˈɑːn̪eum# | *#ˌɛst̪rˈɑn̪ʝo# | *#ˌest̪rˈãj̃ɲ# | *#ˌet̪rˈɛ̃j̃ɲ# | *#ˌet̪rˈɛ̃ː# | *#et̪ʁɛ̃# {GOLD: #et̪ʁɑ̃ʒ#}
269    | #ˈekwɑ# | *#ˈɛkwɑ# | *#ˈivə# | *#ˈivə# | *#ˈivə# | *#iv# {GOLD: #iv#}
270    | #ˈeːsiɑm# | *#ˈesʝɑ# | *#ˈejzə# | *#wˈɛzə# | *#wˈɛzə# | *#waz# {GOLD: #waz#}
271    | #ˌet̪# | *#ˌɛt̪# | *#ˌeθ# | *#ˌe# | *#ˌe# | *#e# {GOLD: #e#}
272    | #fˈɑbɑ# | *#fˈɑβɑ# | *#fˈeːvə# | *#fˈevə# | *#fˈevə# | *#fɛv# {GOLD: #fɛv#}
273    | #fˈɑːbrikɑm# | *#fˈɑβrekɑ# | *#fˈɔːrd͡ʒə# | *#fˈɔrʒə# | *#fˈɔrʒə# | *#fɔʁʒ# {GOLD: #fɔʁʒ#}
274    | #fˈɑɡum# | *#fˈɑɣo# | *#fˈɔw# | *#fˈu# | *#fˈu# | *#fu# {GOLD: #fu#}
275    | #fˈɑlsɑm# | *#fˈɑɫsɑ# | *#fˈaɫsə# | *#fˈawsə# | *#fˈoːsə# | *#fos# {GOLD: #fos#}
276    | #fˈɑlsum# | *#fˈɑɫso# | *#fˈaɫs# | *#fˈaws# | *#fˈoːs# | *#fo# {GOLD: #fo#}
277    | #fˈɑkere# | *#fˈɑkrɛ# | *#fˈajrə# | *#fˈɛrə# | *#fˈɛrə# | *#fɛʁ# {GOLD: #fɛʁ#}
278    | #fˈɑkiɑ# | *#fˈɑccʝɑ# | *#fˈat͡sʲə# | *#fˈasʲə# | *#fˈasə# | *#fas# {GOLD: #fas#}
279    | #fˈɑkiɑm# | *#fˈɑccʝɑ# | *#fˈat͡sʲə# | *#fˈasʲə# | *#fˈasə# | *#fas# {GOLD: #fas#}
280    | #fˌɑkt̪iˈoːn̪em# | *#fˌɑxt͡sʲʝˈon̪ɛ# | *#fˌat͡sʲˈũn̪# | *#fˌasʲˈũn̪# | *#fˌasˈũː# | *#fasɔ̃# {GOLD: #fasɔ̃#}
281    | #fˈɑkt̪um# | *#fˈɑxt̪o# | *#fˈajt̪# | *#fˈɛt̪# | *#fˈɛt̪# | *#fɛ# {GOLD: #fɛ#}
282    | #fˈɑmem# | *#fˈɑmɛ# | *#fˈãj̃n̪# | *#fˈɛ̃j̃n̪# | *#fˈɛ̃ː# | *#fɛ̃# {GOLD: #fɛ̃#}
283    | #fˌɑːsiˈɑːn̪um# | *#fˌɑsʝˈɑn̪o# | *#fˌajzˈãj̃n̪# | *#fˌɛzˈɛ̃j̃n̪# | *#fˌɛzˈɛ̃ː# | *#fɛzɛ̃# {GOLD: #fəzɑ̃#}
284    | #fˌɑskˈellum# | *#fˌɑscˈɛllo# | *#fˌajsˈɛl# | *#fˌɛse̯ˈaw# | *#fˌɛsə̯ˈoː# | *#fɛso# {GOLD: #fɛso#}
285    | #fˈɑskem# | *#fˈɑscɛ# | *#fˈajs# | *#fˈɛːs# | *#fˈɛːs# | *#fɛ# {GOLD: #fɛ#}
286    | #fˌɑt̪ˈuːt̪um# | *#fˌɑt̪ˈut̪o# | *#fˌaðˈyθ# | *#fˌəˈy# | *#fə̯ˈy# | *#fy# {GOLD: #fø#}
287    | #fˈebrem# | *#fˈɛβrɛ# | *#fˈie̯vrə# | *#fjˈevrə# | *#fjˈevrə# | *#fjɛvʁ# {GOLD: #fjɛvʁ#}
288    | #fˌebruˈɑːrium# | *#fˌɛβrwˈɑrʝo# | *#fˌevrˈie̯r# | *#fˌevrjˈer# | *#fˌevrjˈer# | *#fevʁije# {GOLD: #fevʁije#}
289    | #fˈel# | *#fˈɛl# | *#fˈie̯l# | *#fjˈel# | *#fjˈel# | *#fjɛl# {GOLD: #fjɛl#}
290    | #fˈeːmin̪ɑm# | *#fˈemen̪ɑ# | *#fˈẽmə# | *#fˈãmə# | *#fˈãmə# | *#fam# {GOLD: #fam#}
291    | #fˈeːn̪um# | *#fˈen̪o# | *#fˈẽj̃n̪# | *#fˈɛ̃j̃n̪# | *#fˈɛ̃ː# | *#fɛ̃# {GOLD: #fwɛ̃#}
292    | #fˈeːriɑ# | *#fˈerʝɑ# | *#fˈejrə# | *#fwˈɛrə# | *#fwˈɛrə# | *#fwaʁ# {GOLD: #fwaʁ#}
293    | #fˈerɑm# | *#fˈɛrɑ# | *#fˈie̯rə# | *#fjˈerə# | *#fjˈerə# | *#fjɛʁ# {GOLD: #fjɛʁ#}
294    | #fˈerrum# | *#fˈɛrro# | *#fˈɛr# | *#fˈɛr# | *#fˈɛr# | *#fɛʁ# {GOLD: #fɛʁ#}
295    | #fˈerum# | *#fˈɛro# | *#fˈie̯r# | *#fjˈer# | *#fjˈer# | *#fjɛʁ# {GOLD: #fjɛʁ#}
296    | #fˈest̪ɑm# | *#fˈɛst̪ɑ# | *#fˈɛst̪ə# | *#fˈɛːt̪ə# | *#fˈɛːt̪ə# | *#fɛt̪# {GOLD: #fɛt̪#}
297    | #fˈikɑt̪um# | *#fˈekɑt̪o# | *#fˈejəθ# | *#fwˈɛə# | *#fwˈɛː# | *#fwa# {GOLD: #fwa#}
298    | #fˈid̪em# | *#fˈed̪ɛ# | *#fˈejθ# | *#fwˈɛ# | *#fwˈɛ# | *#fwa# {GOLD: #fwa#}
299    | #fˈiːliɑm# | *#fˈilʝɑ# | *#fˈiʎə# | *#fˈiʎə# | *#fˈiʎə# | *#fij# {GOLD: #fij#}
300    | #fˌiːlikˈellɑm# | *#fˌilecˈɛllɑ# | *#fˌiʎt͡sʲˈɛlə# | *#fˌisʲˈɛlə# | *#fˌisˈɛlə# | *#fisɛl# {GOLD: #fisɛl#}
301    | #fˌiːlˈiolɑm# | *#fˌilʝˈɔlɑ# | *#fˌiʎˈye̯lə# | *#fˌiʎˈølə# | *#fˌiʎˈølə# | *#fijœl# {GOLD: #fijœl#}
302    | #fˌiːlˈiolum# | *#fˌilʝˈɔlo# | *#fˌiʎˈye̯l# | *#fˌiʎˈøl# | *#fˌiʎˈøl# | *#fijœl# {GOLD: #fijœl#}
303    | #fˈiːlum# | *#fˈilo# | *#fˈil# | *#fˈil# | *#fˈil# | *#fil# {GOLD: #fil#}
304    | #fˌimˈɑːrium# | *#fˌemˈɑrʝo# | *#fˌəmˈie̯r# | *#fˌəmjˈer# | *#fˌømjˈer# | *#fymje# {GOLD: #fymje#}
305    | #fˈin̪d̪ere# | *#fˈen̪d̪ɛrɛ# | *#fˈẽn̪d̪rə# | *#fˈãn̪d̪rə# | *#fˈãːd̪rə# | *#fɑ̃d̪ʁ# {GOLD: #fɑ̃d̪ʁ#}
306    | #fˈin̪d̪it̪ɑm# | *#fˈen̪d̪et̪ɑ# | *#fˈẽn̪t̪ə# | *#fˈãn̪t̪ə# | *#fˈãːt̪ə# | *#fɑ̃t̪# {GOLD: #fɑ̃t̪#}
307    | #fˈiːn̪em# | *#fˈin̪ɛ# | *#fˈin̪# | *#fˈĩn̪# | *#fˈẽː# | *#fɛ̃# {GOLD: #fɛ̃#}
308    | #fˈin̪kt̪um# | *#fˈeŋt̪o# | *#fˈẽj̃n̪t̪# | *#fˈɛ̃j̃n̪t̪# | *#fˈɛ̃ːt̪# | *#fɛ̃# {GOLD: #fɛ̃#}
309    | #fˈirmɑm# | *#fˈermɑ# | *#fˈermə# | *#fˈɛrmə# | *#fˈɛrmə# | *#fɛʁm# {GOLD: #fɛʁm#}
310    | #fˌirmˈɑːre# | *#fˌermˈɑrɛ# | *#fˌermˈeːr# | *#fˌɛrmˈer# | *#fˌɛrmˈer# | *#fɛʁme# {GOLD: #fɛʁme#}
311    | #flˌɑɡˈelloːs# | *#flˌɑʝˈɛllos# | *#flˌajˈɛɫs# | *#flˌaje̯ˈaws# | *#flˌajˈoːs# | *#fleo# {GOLD: #fleo#}
312    | #flˌɑɡˈellum# | *#flˌɑʝˈɛllo# | *#flˌajˈɛl# | *#flˌaje̯ˈaw# | *#flˌajˈoː# | *#fleo# {GOLD: #fleo#}
313    | #flˌɑɡrˈɑːre# | *#flˌɑɣrˈɑrɛ# | *#flˌajrʲˈie̯r# | *#flˌɛrʲjˈer# | *#flˌɛrˈer# | *#fleʁe# {GOLD: #flɛʁe#}
314    | #flˈɑːwɑm# | *#flˈɑwɑ# | *#flˈɔwə# | *#flˈuə# | *#flˈuː# | *#flu# {GOLD: #flu#}
315    | #flˈɑːwum# | *#flˈɑo# | *#flˈɔw# | *#flˈu# | *#flˈu# | *#flu# {GOLD: #flu#}
316    | #flˈeːbilem# | *#flˈeβelɛ# | *#flˈeblə# | *#flˈɛblə# | *#flˈɛblə# | *#flɛbl# {GOLD: #fɛbl#}
317    | #fˈoliɑ# | *#fˈɔlʝɑ# | *#fˈye̯ʎə# | *#fˈøʎə# | *#fˈøʎə# | *#fœj# {GOLD: #fœj#}
318    | #fˈollem# | *#fˈɔllɛ# | *#fˈɔl# | *#fˈu# | *#fˈu# | *#fu# {GOLD: #fu#}
319    | #fˈolleːs# | *#fˈɔlles# | *#fˈɔɫs# | *#fˈuːs# | *#fˈuːs# | *#fu# {GOLD: #fu#}
320    | #fˌokˈiːlem# | *#fˌɔcˈilɛ# | *#fˌojd͡zʲˈil# | *#fwˌɛzʲˈil# | *#fwˌɛzˈi# | *#fwazi# {GOLD: #fyzi#}
321    | #fˈokum# | *#fˈɔko# | *#fˈye̯w# | *#fˈø# | *#fˈø# | *#fø# {GOLD: #fø#}
322    | #fˌon̪t̪ˈɑːn̪ɑm# | *#fˌɔn̪t̪ˈɑn̪ɑ# | *#fˌũn̪t̪ˈãj̃n̪ə# | *#fˌũn̪t̪ˈɛ̃j̃n̪ə# | *#fˌũːt̪ˈɛ̃n̪ə# | *#fɔ̃t̪ɛn̪# {GOLD: #fɔ̃t̪ɛn̪#}
323    | #fˌorˈest̪em# | *#fˌɔrˈɛst̪ɛ# | *#fˌorˈɛst̪# | *#fˌɔrˈɛːt̪# | *#fˌɔrˈɛːt̪# | *#fɔʁɛ# {GOLD: #fɔʁɛ#}
324    | #fˈoriɑm# | *#fˈɔrʝɑ# | *#fˈyjrə# | *#fɥˈirə# | *#fɥˈirə# | *#fɥiʁ# {GOLD: #fwɑʁ#}
325    | #fˌormˈɑːt̪ikum# | *#fˌɔrmˈɑt̪eko# | *#fˌormˈad͡ʒə# | *#fˌurmˈaʒə# | *#fˌurmˈaʒə# | *#fuʁmaʒ# {GOLD: #fʁomaʒ#}
326    | #fˌormˈiːkum# | *#fˌɔrmˈiko# | *#fˌormˈi# | *#fˌurmˈi# | *#fˌurmˈi# | *#fuʁmi# {GOLD: #fuʁmi#}
327    | #fˈort̪em# | *#fˈɔrt̪ɛ# | *#fˈɔrt̪# | *#fˈɔrt̪# | *#fˈɔrt̪# | *#fɔʁ# {GOLD: #fɔʁ#}
328    | #fˈort̪iɑ# | *#fˈɔrt͡sʲʝɑ# | *#fˈɔrt͡sʲə# | *#fˈɔrsʲə# | *#fˈɔrsə# | *#fɔʁs# {GOLD: #fɔʁs#}
329    | #fˈossɑm# | *#fˈɔssɑ# | *#fˈɔsə# | *#fˈɔsə# | *#fˈɔsə# | *#fɔs# {GOLD: #fos#}
330    | #fˌossˈɑːt̪um# | *#fˌɔssˈɑt̪o# | *#fˌɔsˈeːθ# | *#fˌɔsˈe# | *#fˌɔsˈe# | *#fɔse# {GOLD: #fose#}
331    | #frˈɑɡilem# | *#frˈɑʝelɛ# | *#frˈajlə# | *#frˈɛlə# | *#frˈɛlə# | *#fʁɛl# {GOLD: #fʁɛl#}
332    | #frˈɑn̪kɑm# | *#frˈɑŋkɑ# | *#frˈãn̪t͡ʃə# | *#frˈãn̪ʃə# | *#frˈãːʃə# | *#fʁɑ̃ʃ# {GOLD: #fʁɑ̃ʃ#}
333    | #frˈɑn̪kiɑm# | *#frˈɑŋcʝɑ# | *#frˈãn̪t͡sʲə# | *#frˈãn̪sʲə# | *#frˈãːsə# | *#fʁɑ̃s# {GOLD: #fʁɑ̃s#}
334    | #frˈɑn̪koːs# | *#frˈɑŋkos# | *#frˈãn̪s# | *#frˈãn̪s# | *#frˈãːs# | *#fʁɑ̃# {GOLD: #fʁɑ̃#}
335    | #frˈɑn̪kum# | *#frˈɑŋko# | *#frˈãŋk# | *#frˈãŋk# | *#frˈãːk# | *#fʁɑ̃# {GOLD: #fʁɑ̃#}
336    | #frˈɑksin̪um# | *#frˈɑxsen̪o# | *#frˈajzn̪ə# | *#frˈɛ̃j̃n̪ə# | *#frˈɛ̃n̪ə# | *#fʁɛn̪# {GOLD: #fʁɛn̪#}
337    | #frˈɑːt̪rem# | *#frˈɑt̪rɛ# | *#frˈeːðrə# | *#frˈerə# | *#frˈerə# | *#fʁɛʁ# {GOLD: #fʁɛʁ#}
338    | #frˈiɡid̪ɑm# | *#frˈeɡd̪ɑ# | *#frˈejd̪ə# | *#frwˈɛd̪ə# | *#frwˈɛd̪ə# | *#fʁwad̪# {GOLD: #fʁwad̪#}
339    | #frˈiɡid̪um# | *#frˈeɡd̪o# | *#frˈejθ# | *#frwˈɛ# | *#frwˈɛ# | *#fʁwa# {GOLD: #fʁwa#}
340    | #frˈiːkt̪iˈoːn̪em# | *#frˈixt͡sʲʝˈon̪ɛ# | *#frˈit͡sʲˈũn̪# | *#frˈisʲˈũn̪# | *#frˈisˈũː# | *#fʁisɔ̃# {GOLD: #fʁisɔ̃#}
341    | #frˈuːkt̪um# | *#frˈuxt̪o# | *#frˈyjt̪# | *#frɥˈit̪# | *#frɥˈit̪# | *#fʁɥi# {GOLD: #fʁɥi#}
342    | #frˌust̪iˈɑːre# | *#frˌost͡sʲʝˈɑrɛ# | *#frˌojsʲˈie̯r# | *#frwˌɛsʲjˈer# | *#frwˌɛsˈer# | *#fʁwase# {GOLD: #fʁwase#}
343    | #fˈuːɡit̪ɑm# | *#fˈuʝet̪ɑ# | *#fˈyjt̪ə# | *#fɥˈit̪ə# | *#fɥˈit̪ə# | *#fɥit̪# {GOLD: #fɥit̪#}
344    | #fˈulɡerem# | *#fˈoɫɟɛrɛ# | *#fˈoɫd̪rə# | *#fˈud̪rə# | *#fˈud̪rə# | *#fud̪ʁ# {GOLD: #fud̪ʁ#}
345    | #fˌuːmˈɑːre# | *#fˌumˈɑrɛ# | *#fˌymˈeːr# | *#fˌỹmˈer# | *#fˌymˈer# | *#fyme# {GOLD: #fyme#}
346    | #fˌun̪d̪ˈɑːre# | *#fˌon̪d̪ˈɑrɛ# | *#fˌũn̪d̪ˈeːr# | *#fˌũn̪d̪ˈer# | *#fˌũːd̪ˈer# | *#fɔ̃d̪e# {GOLD: #fɔ̃d̪e#}
347    | #fˈun̪d̪us# | *#fˈon̪d̪os# | *#fˈũn̪t͡s# | *#fˈũn̪s# | *#fˈũːs# | *#fɔ̃# {GOLD: #fɔ̃#}
348    | #fˈuːst̪em# | *#fˈust̪ɛ# | *#fˈyst̪# | *#fˈyːt̪# | *#fˈyːt̪# | *#fy# {GOLD: #fy#}
349    | #ɡˈɑlbin̪um# | *#ɡˈɑɫben̪o# | *#d͡ʒˈaɫn̪ə# | *#ʒˈawn̪ə# | *#ʒˈoːn̪ə# | *#ʒon̪# {GOLD: #ʒon̪#}
350    | #ɡˈɑmbɑm# | *#ɡˈɑmbɑ# | *#d͡ʒˈãmbə# | *#ʒˈãn̪bə# | *#ʒˈãːbə# | *#ʒɑ̃b# {GOLD: #ʒɑ̃b#}
351    | #ɡˌɑrd̪ˈiːn̪um# | *#ɡˌɑrd̪ˈin̪o# | *#d͡ʒˌard̪ˈin̪# | *#ʒˌard̪ˈĩn̪# | *#ʒˌard̪ˈẽː# | *#ʒaʁd̪ɛ̃# {GOLD: #ʒaʁd̪ɛ̃#}
352    | #ɡˈɑwd̪iɑm# | *#ɡˈɑwʝʝɑ# | *#d͡ʒˈɔjə# | *#ʒwˈɛə# | *#ʒwˈɛː# | *#ʒwa# {GOLD: #ʒwɑ#}
353    | #ɡˈɑwt̪ɑ# | *#ɡˈɑwt̪ɑ# | *#d͡ʒˈɔwðə# | *#ʒˈuə# | *#ʒˈuː# | *#ʒu# {GOLD: #ʒu#}
354    | #ɡˌemˈelloːs# | *#ɟˌɛmˈɛllos# | *#d͡ʒˌəmˈɛɫs# | *#ʒˌəme̯ˈaws# | *#ʒˌømə̯ˈoːs# | *#ʒymo# {GOLD: #ʒymo#}
355    | #ɡˈen̪erum# | *#ɟˈɛn̪ro# | *#d͡ʒˈɛ̃n̪d̪rə# | *#ʒˈãn̪d̪rə# | *#ʒˈãːd̪rə# | *#ʒɑ̃d̪ʁ# {GOLD: #ʒɑ̃d̪ʁ#}
356    | #ɡˈen̪t̪em# | *#ɟˈɛn̪t̪ɛ# | *#d͡ʒˈɛ̃n̪t̪# | *#ʒˈãn̪t̪# | *#ʒˈãːt̪# | *#ʒɑ̃# {GOLD: #ʒɑ̃#}
357    | #ɡˈen̪t̪eːs# | *#ɟˈɛn̪t̪es# | *#d͡ʒˈɛ̃n̪t͡s# | *#ʒˈãn̪s# | *#ʒˈãːs# | *#ʒɑ̃# {GOLD: #ʒɑ̃#}
358    | #ɡˌen̪ˈukuloːs# | *#ɟˌɛn̪ˈoklos# | *#d͡ʒˌən̪ˈoɫt͡sʲ# | *#ʒˌən̪ˈusʲ# | *#ʒˌən̪ˈus# | *#ʒən̪u# {GOLD: #ʒən̪u#}
359    | #ɡˌen̪ˈukulum# | *#ɟˌɛn̪ˈoklo# | *#d͡ʒˌən̪ˈoʎ# | *#ʒˌən̪ˈuʎ# | *#ʒˌən̪ˈu# | *#ʒən̪u# {GOLD: #ʒən̪u#}
360    | #ɡeˈorɡius# | *#ɟʝˈɔrɟʝos# | *#d͡ʒˈɔrd͡ʒəs# | *#ʒˈɔrʒəs# | *#ʒˈɔrʒə# | *#ʒɔʁʒ# {GOLD: #ʒɔʁʒ#}
361    | #ɡlˈɑkiɑ# | *#ɡlˈɑccʝɑ# | *#ɡlˈat͡sʲə# | *#ɡlˈasʲə# | *#ɡlˈasə# | *#ɡlas# {GOLD: #ɡlas#}
362    | #ɡlˈuːt̪em# | *#ɡlˈut̪ɛ# | *#ɡlˈyθ# | *#ɡlˈy# | *#ɡlˈy# | *#ɡly# {GOLD: #ɡly#}
363    | #ɡrˈɑkilem# | *#ɡrˈɑkelɛ# | *#ɡrˈajlə# | *#ɡrˈɛlə# | *#ɡrˈɛlə# | *#ɡʁɛl# {GOLD: #ɡʁɛl#}
364    | #ɡrˈɑːn̪ɑ# | *#ɡrˈɑn̪ɑ# | *#ɡrˈãj̃n̪ə# | *#ɡrˈɛ̃j̃n̪ə# | *#ɡrˈɛ̃n̪ə# | *#ɡʁɛn̪# {GOLD: #ɡʁɛn̪#}
365    | #ɡrˈɑn̪d̪em# | *#ɡrˈɑn̪d̪ɛ# | *#ɡrˈãn̪t̪# | *#ɡrˈãn̪t̪# | *#ɡrˈãːt̪# | *#ɡʁɑ̃# {GOLD: #ɡʁɑ̃#}
366    | #ɡrˈɑːn̪ikɑm# | *#ɡrˈɑn̪ekɑ# | *#ɡrˈãn̪t͡ʃə# | *#ɡrˈãn̪ʃə# | *#ɡrˈãːʃə# | *#ɡʁɑ̃ʃ# {GOLD: #ɡʁɑ̃ʃ#}
367    | #ɡrˈɑːn̪um# | *#ɡrˈɑn̪o# | *#ɡrˈãj̃n̪# | *#ɡrˈɛ̃j̃n̪# | *#ɡrˈɛ̃ː# | *#ɡʁɛ̃# {GOLD: #ɡʁɛ̃#}
368    | #ɡrˈɑfium# | *#ɡrˈɑfʝo# | *#ɡrˈad͡ʒə# | *#ɡrˈaʒə# | *#ɡrˈaʒə# | *#ɡʁaʒ# {GOLD: #ɡʁɛf#}
369    | #ɡrˈɑːt̪um# | *#ɡrˈɑt̪o# | *#ɡrˈeːθ# | *#ɡrˈe# | *#ɡrˈe# | *#ɡʁe# {GOLD: #ɡʁe#}
370    | #ɡrˈossum# | *#ɡrˈɔsso# | *#ɡrˈɔs# | *#ɡrˈoːs# | *#ɡrˈoːs# | *#ɡʁo# {GOLD: #ɡʁo#}
371    | #ɡrˈuːɑ# | *#ɡrˈuɑ# | *#ɡrˈyə# | *#ɡrˈyə# | *#ɡrˈyː# | *#ɡʁy# {GOLD: #ɡʁy#}
372    | #ɡˈulɑm# | *#ɡˈolɑ# | *#ɡˈowlə# | *#ɡˈølə# | *#ɡˈølə# | *#ɡœl# {GOLD: #ɡœl#}
373    | #ɡˈulbiɑm# | *#ɡˈoɫbʝɑ# | *#ɡˈoɫd͡ʒə# | *#ɡˈuʒə# | *#ɡˈuʒə# | *#ɡuʒ# {GOLD: #ɡuʒ#}
374    | #ɡˈummɑ# | *#ɡˈommɑ# | *#ɡˈũmə# | *#ɡˈũmə# | *#ɡˈũmə# | *#ɡɔm# {GOLD: #ɡɔm#}
375    | #ɡˈust̪um# | *#ɡˈost̪o# | *#ɡˈost̪# | *#ɡˈuːt̪# | *#ɡˈuːt̪# | *#ɡu# {GOLD: #ɡu#}
376    | #ɡˈut̪t̪ɑm# | *#ɡˈot̪t̪ɑ# | *#ɡˈot̪ə# | *#ɡˈut̪ə# | *#ɡˈut̪ə# | *#ɡut̪# {GOLD: #ɡut̪#}
377    | #hˌɑbˈeːre# | *#hˌɑβˈerɛ# | *#ˌavˈojr# | *#ˌavwˈɛr# | *#ˌavwˈɛr# | *#avwaʁ# {GOLD: #avwaʁ#}
378    | #hˈɑbeo# | *#hˈɑbʝɔ# | *#ˈad͡ʒə# | *#ˈaʒə# | *#ˈaʒə# | *#aʒ# {GOLD: #e#}
379    | #heːmˈiːn̪ɑm# | *#hemˈin̪ɑ# | *#mˈin̪ə# | *#mˈĩn̪ə# | *#mˈin̪ə# | *#min̪# {GOLD: #min̪#}
380    | #hˈeːrem# | *#hˈerɛ# | *#ˈejr# | *#wˈɛr# | *#wˈɛr# | *#waʁ# {GOLD: #waʁ#}
381    | #hˈeri# | *#hˈɛre# | *#ˈie̯r# | *#jˈer# | *#jˈer# | *#jɛʁ# {GOLD: #jɛʁ#}
382    | #hˌiːbˈern̪um# | *#hˌiβˈɛrn̪o# | *#ˌivˈɛr# | *#ˌivˈɛr# | *#ˌivˈɛr# | *#ivɛʁ# {GOLD: #ivɛʁ#}
383    | #hiˌerˈoːn̪ymum# | *#hʝˌɛrˈon̪emo# | *#d͡ʒˌerˈũɫmə# | *#ʒˌerˈũmə# | *#ʒˌerˈũmə# | *#ʒeʁɔm# {GOLD: #ʒeʁom#}
384    | #hˈiːk# | *#hˈik# | *#ˈi# | *#ˈi# | *#ˈi# | *#i# {GOLD: #i#}
385    | #hˈod̪ieː# | *#hˈɔʝʝe# | *#ˈyj# | *#ɥˈi# | *#ɥˈi# | *#ɥi# {GOLD: #ɥi#}
386    | #hˈomin̪em# | *#hˈɔmen̪ɛ# | *#ˈũmə# | *#ˈũmə# | *#ˈũmə# | *#ɔm# {GOLD: #ɔm#}
387    | #hˌon̪ˈoːrem# | *#hˌɔn̪ˈorɛ# | *#ˌũn̪ˈowr# | *#ˌũn̪ˈør# | *#ˌũn̪ˈør# | *#ɔn̪œʁ# {GOLD: #ɔn̪œʁ#}
388    | #hˈoːrɑm# | *#hˈorɑ# | *#ˈowrə# | *#ˈørə# | *#ˈørə# | *#œʁ# {GOLD: #œʁ#}
389    | #hˈord̪eum# | *#hˈɔrɟʝo# | *#ˈɔrd͡ʒə# | *#ˈɔrʒə# | *#ˈɔrʒə# | *#ɔʁʒ# {GOLD: #ɔʁʒ#}
390    | #hˈospit̪em# | *#hˈɔspet̪ɛ# | *#ˈɔst̪ə# | *#ˈoːt̪ə# | *#ˈoːt̪ə# | *#ot̪# {GOLD: #ot̪#}
391    | #hˌospit̪ˈɑːle# | *#hˌɔspet̪ˈɑlɛ# | *#ˌɔst̪ˈeːl# | *#ˌoːt̪ˈel# | *#ˌoːt̪ˈel# | *#ot̪ɛl# {GOLD: #ot̪ɛl#}
392    | #iˈɑket̪# | *#ʝˈɑcɛt̪# | *#d͡ʒˈit͡sʲt̪# | *#ʒˈiːt̪# | *#ʒˈiːt̪# | *#ʒi# {GOLD: #ʒi#}
393    | #iˌɑːn̪uˈɑːrium# | *#ʝˌɑn̪wˈɑrʝo# | *#d͡ʒˌãn̪vˈie̯r# | *#ʒˌãn̪vjˈer# | *#ʒˌãːvjˈer# | *#ʒɑ̃vje# {GOLD: #ʒɑ̃vje#}
394    | #iˌeːiˈuːn̪ium# | *#ʝˌeʝˈun̪ʝo# | *#d͡ʒˌəˈyj̃ɲ# | *#ʒˌəɥˈĩɲ# | *#ʒə̯ɥˈẽː# | *#ʒɥɛ̃# {GOLD: #ʒœn̪#}
395    | #illˌɑk# | *#ellˌɑk# | *#lˌa# | *#lˌa# | *#lˌa# | *#la# {GOLD: #la#}
396    | #ˈillɑm# | *#ˈellɑ# | *#ˈelə# | *#ˈɛlə# | *#ˈɛlə# | *#ɛl# {GOLD: #ɛl#}
397    | #illˌɑm# | *#ellˌɑ# | *#lˌa# | *#lˌa# | *#lˌa# | *#la# {GOLD: #la#}
398    | #illɑːs# | *#ellɑs# | *#las# | *#las# | *#las# | *#la# {GOLD: #le#}
399    | #ˈilliː# | *#ˈelli# | *#ˈil# | *#ˈil# | *#ˈil# | *#il# {GOLD: #il#}
400    | #illˈoːrum# | *#ellˈoro# | *#lˈowr# | *#lˈør# | *#lˈør# | *#lœʁ# {GOLD: #lœʁ#}
401    | #illoːs# | *#ellos# | *#les# | *#les# | *#les# | *#le# {GOLD: #le#}
402    | #ˈilloːs# | *#ˈellos# | *#ˈeɫs# | *#ˈøːs# | *#ˈøːs# | *#ø# {GOLD: #ø#}
403    | #illˈuːi# | *#ellˈue# | *#lˈyj# | *#lɥˈi# | *#lɥˈi# | *#lɥi# {GOLD: #lɥi#}
404    | #illum# | *#ello# | *#lə# | *#lə# | *#lə# | *#lə# {GOLD: #lə#}
405    | #ˌimperɑːt̪ˈoːrem# | *#ˌempɛrɑt̪ˈorɛ# | *#ˌẽmprəðˈowr# | *#ˌãn̪prəˈør# | *#ˌãːprə̯ˈør# | *#ɑ̃pʁœʁ# {GOLD: #ɑ̃pʁœʁ#}
406    | #ˌin̪# | *#ˌen̪# | *#ˌẽn̪# | *#ˌãn̪# | *#ˌãː# | *#ɑ̃# {GOLD: #ɑ̃#}
407    | #ˌin̪d̪e# | *#ˌen̪d̪ɛ# | *#ˌẽn̪t̪# | *#ˌãn̪t̪# | *#ˌãːt̪# | *#ɑ̃# {GOLD: #ɑ̃#}
408    | #ˌin̪fˈern̪um# | *#ˌen̪fˈɛrn̪o# | *#ˌẽn̪fˈɛr# | *#ˌãn̪fˈɛr# | *#ˌãːfˈɛr# | *#ɑ̃fɛʁ# {GOLD: #ɑ̃fɛʁ#}
409    | #ˌin̪ɡˈen̪ioːs# | *#ˌeŋɟˈɛn̪ʝos# | *#ˌẽj̃ɲˈin̪t͡sʲ# | *#ˌɛ̃j̃ɲˈĩn̪sʲ# | *#ˌɛ̃ɲˈẽːs# | *#ɛɲɛ̃# {GOLD: #ɑ̃ʒɛ̃#}
410    | #ˌin̪ɡˈen̪ium# | *#ˌeŋɟˈɛn̪ʝo# | *#ˌẽj̃ɲˈie̯ɲ# | *#ˌɛ̃j̃ɲjˈẽɲ# | *#ˌɛ̃ɲjˈẽː# | *#ɛjɛ̃# {GOLD: #ɑ̃ʒɛ̃#}
411    | #ˌin̪kˈɑn̪t̪ɑːmˈen̪t̪um# | *#ˌeŋkˈɑn̪t̪ɑmˈɛn̪t̪o# | *#ˌẽn̪t͡ʃˈãn̪t̪əmˈɛ̃n̪t̪# | *#ˌãn̪ʃˈãn̪t̪əmˈãn̪t̪# | *#ˌãːʃˈãːt̪əmˈãːt̪# | *#ɑ̃ʃɑ̃t̪əmɑ̃# {GOLD: #ɑ̃ʃɑ̃t̪əmɑ̃#}
412    | #ˌin̪sˈiɡn̪iɑ# | *#ˌen̪sˈeŋn̪ʝɑ# | *#ˌẽn̪sˈẽj̃ɲə# | *#ˌãn̪sˈɛ̃j̃ɲə# | *#ˌãːsˈɛ̃ɲə# | *#ɑ̃sɛɲ# {GOLD: #ɑ̃sɛɲ#}
413    | #ˌin̪sˌimul# | *#ˌen̪sˌemol# | *#ˌẽn̪sˌẽmblə# | *#ˌãn̪sˌãn̪blə# | *#ˌãːsˌãːblə# | *#ɑ̃sɑ̃bl# {GOLD: #ɑ̃sɑ̃bl#}
414    | #ˈin̪sulɑ# | *#ˈisolɑ# | *#ˈizlə# | *#ˈilə# | *#ˈilə# | *#il# {GOLD: #il#}
415    | #ˈin̪t̪eɡrɑm# | *#ˌen̪t̪ˈɛɣrɑ# | *#ˌẽn̪t̪ˈie̯rə# | *#ˌãn̪t̪jˈerə# | *#ˌãːt̪jˈerə# | *#ɑ̃t̪jɛʁ# {GOLD: #ɑ̃t̪jɛʁ#}
416    | #ˈin̪t̪eɡrum# | *#ˌen̪t̪ˈɛɣro# | *#ˌẽn̪t̪ˈie̯r# | *#ˌãn̪t̪jˈer# | *#ˌãːt̪jˈer# | *#ɑ̃t̪je# {GOLD: #ɑ̃t̪je#}
417    | #ˌin̪t̪er# | *#ˌen̪t̪ɛr# | *#ˌẽn̪t̪rə# | *#ˌãn̪t̪rə# | *#ˌãːt̪rə# | *#ɑ̃t̪ʁ# {GOLD: #ɑ̃t̪ʁ#}
418    | #ˌin̪t̪rˈɑliɑ# | *#ˌen̪t̪rˈɑlʝɑ# | *#ˌẽn̪t̪rˈaʎə# | *#ˌãn̪t̪rˈaʎə# | *#ˌãːt̪rˈaʎə# | *#ɑ̃t̪ʁɑj# {GOLD: #ɑ̃t̪ʁɑj#}
419    | #iˈokum# | *#ʝˈɔko# | *#d͡ʒˈye̯w# | *#ʒˈø# | *#ʒˈø# | *#ʒø# {GOLD: #ʒø#}
420    | #iˈowisd̪ˈiːem# | *#ʝˈɔβʷesd̪ˈiɛ# | *#d͡ʒˈye̯wzd̪ˈi# | *#ʒˈød̪ˈi# | *#ʒˈød̪ˈi# | *#ʒød̪i# {GOLD: #ʒød̪i#}
421    | #iˈuːd̪ikem# | *#ʝˈud̪ecɛ# | *#d͡ʒˈyt͡sʲə# | *#ʒˈysʲə# | *#ʒˈysə# | *#ʒys# {GOLD: #ʒyʒ#}
422    | #iˈuɡum# | *#ʝˈoɣo# | *#d͡ʒˈow# | *#ʒˈø# | *#ʒˈø# | *#ʒø# {GOLD: #ʒu#}
423    | #iˌun̪ˈiːkiɑ# | *#ʝˌon̪ˈiccʝɑ# | *#d͡ʒˌũn̪ˈit͡sʲə# | *#ʒˌũn̪ˈisʲə# | *#ʒˌũn̪ˈisə# | *#ʒɔn̪is# {GOLD: #ʒen̪is#}
424    | #iˈuːn̪ium# | *#ʝˈun̪ʝo# | *#d͡ʒˈyj̃ɲ# | *#ʒɥˈĩɲ# | *#ʒɥˈẽː# | *#ʒɥɛ̃# {GOLD: #ʒɥɛ̃#}
425    | #iˈuːs# | *#ʝˈus# | *#d͡ʒˈys# | *#ʒˈyːs# | *#ʒˈyːs# | *#ʒy# {GOLD: #ʒy#}
426    | #iˈuwen̪em# | *#ʝˈoβʷɛn̪ɛ# | *#d͡ʒˈown̪ə# | *#ʒˈø̃n̪ə# | *#ʒˈø̃n̪ə# | *#ʒœn̪# {GOLD: #ʒœn̪#}
427    | #iˌuwen̪kˈellɑm# | *#ʝˌoβʷɛŋcˈɛllɑ# | *#d͡ʒˌovẽn̪t͡sʲˈɛlə# | *#ʒˌuvãn̪sʲˈɛlə# | *#ʒˌuvãːsˈɛlə# | *#ʒuvɑ̃sɛl# {GOLD: #ʒuvɑ̃sɛl#}
428    | #iˌuwen̪kˈellum# | *#ʝˌoβʷɛŋcˈɛllo# | *#d͡ʒˌovẽn̪t͡sʲˈɛl# | *#ʒˌuvãn̪sʲe̯ˈaw# | *#ʒˌuvãːsə̯ˈoː# | *#ʒuvɑ̃so# {GOLD: #ʒuvɑ̃so#}
429    | #kˌɑbɑllˈɑːrium# | *#kˌɑβɑllˈɑrʝo# | *#t͡ʃˌəvəlˈie̯r# | *#ʃˌəvəljˈer# | *#ʃˌəvljˈer# | *#ʃəvlije# {GOLD: #ʃəvalje#}
430    | #kˌɑbˈɑllikˈɑːre# | *#kˌɑβˈɑllekˈɑrɛ# | *#t͡ʃˌəvˈaɫd͡ʒˈie̯r# | *#ʃˌəvˈawʒjˈer# | *#ʃˌəvˈoːʒˈer# | *#ʃəvoʒe# {GOLD: #ʃəvoʃe#}
431    | #kˌɑbˈɑllikɑt̪# | *#kˌɑβˈɑllekɑt̪# | *#t͡ʃˌəvˈaɫt͡ʃəθ# | *#ʃˌəvˈawʃə# | *#ʃˌəvˈoːʃə# | *#ʃəvoʃ# {GOLD: #ʃəvoʃ#}
432    | #kˌɑbˈɑllikˈɑːtɑm# | *#kˌɑβˈɑllekˈɑtɑ# | *#t͡ʃˌəvˈaɫd͡ʒˈie̯?ə# | *#ʃˌəvˈawʒjˈe?ə# | *#ʃˌəvˈoːʒˈe?ə# | *#ʃəvoʒɛ?# {GOLD: #ʃəvoʃe#}
433    | #kˌɑbˈɑllum# | *#kˌɑβˈɑllo# | *#t͡ʃˌəvˈal# | *#ʃˌəvˈal# | *#ʃˌəvˈal# | *#ʃəval# {GOLD: #ʃəval#}
434    | #kˌɑbˈɑlloːs# | *#kˌɑβˈɑllos# | *#t͡ʃˌəvˈaɫs# | *#ʃˌəvˈaws# | *#ʃˌəvˈoːs# | *#ʃəvo# {GOLD: #ʃəvo#}
435    | #kˌɑd̪ˈen̪t̪iɑm# | *#kˌɑd̪ˈɛn̪t͡sʲʝɑ# | *#t͡ʃˌaðˈɛ̃n̪t͡sʲə# | *#ʃˌaˈãn̪sʲə# | *#ʃˈãːsə# | *#ʃɑ̃s# {GOLD: #ʃɑ̃s#}
436    | #kˈae̯kum# | *#cˈɛko# | *#t͡sʲˈie̯w# | *#sʲjˈø# | *#sjˈø# | *#sjø# {GOLD: #sjø#}
437    | #kˈae̯lum# | *#cˈɛlo# | *#t͡sʲˈie̯l# | *#sʲjˈel# | *#sˈel# | *#sɛl# {GOLD: #sjɛl#}
438    | #kˈae̯loːs# | *#cˈɛlos# | *#t͡sʲˈie̯ɫs# | *#sʲjˈøːs# | *#sjˈøːs# | *#sjø# {GOLD: #sjø#}
439    | #kˌae̯refˈolium# | *#cˌɛrɛfˈɔlʝo# | *#t͡sʲˌɛrfˈye̯ʎ# | *#sʲˌɛrfˈøʎ# | *#sˌɛrfˈøʎ# | *#sɛʁfœj# {GOLD: #sɛʁfœj#}
440    | #kˌɑkid̪ˈoːsum# | *#kˌɑced̪ˈoso# | *#t͡ʃˌajd͡zʲiðˈows# | *#ʃˌɛzʲiˈøːs# | *#ʃˌɛziˈøːs# | *#ʃɛziø# {GOLD: #ʃasjø#}
441    | #kˌɑkkˈiːt̪ɑm# | *#kˌɑccˈit̪ɑ# | *#t͡ʃˌat͡sʲˈiðə# | *#ʃˌasʲˈiə# | *#ʃˌasˈiː# | *#ʃasi# {GOLD: #ʃasi#}
442    | #kˌɑlˈeːre# | *#kˌɑlˈerɛ# | *#t͡ʃˌalˈejr# | *#ʃˌalwˈɛr# | *#ʃˌalwˈɛr# | *#ʃalwaʁ# {GOLD: #ʃalwaʁ#}
443    | #kˈɑlid̪um# | *#kˈɑld̪o# | *#t͡ʃˈaɫt̪# | *#ʃˈawt̪# | *#ʃˈoːt̪# | *#ʃo# {GOLD: #ʃo#}
444    | #kˈɑlid̪ɑm# | *#kˈɑled̪ɑ# | *#t͡ʃˈaɫd̪ə# | *#ʃˈawd̪ə# | *#ʃˈoːd̪ə# | *#ʃod̪# {GOLD: #ʃod̪#}
445    | #kˈɑlks# | *#kˈɑɫks# | *#t͡ʃˈaɫs# | *#ʃˈaws# | *#ʃˈoːs# | *#ʃo# {GOLD: #ʃo#}
446    | #kˌɑlˈoːrem# | *#kˌɑlˈorɛ# | *#t͡ʃˌalˈowr# | *#ʃˌalˈør# | *#ʃˌalˈør# | *#ʃalœʁ# {GOLD: #ʃalœʁ#}
447    | #kˈɑlwɑm# | *#kˈɑɫβʷɑ# | *#t͡ʃˈaɫvə# | *#ʃˈawvə# | *#ʃˈoːvə# | *#ʃov# {GOLD: #ʃov#}
448    | #kˌɑmˈellum# | *#kˌɑmˈɛllo# | *#t͡ʃˌãmˈɛl# | *#ʃˌãme̯ˈaw# | *#ʃˌãmə̯ˈoː# | *#ʃamo# {GOLD: #ʃamo#}
449    | #kˈɑmerɑm# | *#kˈɑmɛrɑ# | *#t͡ʃˈãmbrə# | *#ʃˈãn̪brə# | *#ʃˈãːbrə# | *#ʃɑ̃bʁ# {GOLD: #ʃɑ̃bʁ#}
450    | #kˌɑmˈiːsiɑm# | *#kˌɑmˈisʝɑ# | *#t͡ʃˌəmˈizə# | *#ʃˌəmˈizə# | *#ʃˌəmˈizə# | *#ʃəmiz# {GOLD: #ʃəmiz#}
451    | #kˌɑmmˈiːn̪um# | *#kˌɑmmˈin̪o# | *#t͡ʃˌãmˈin̪# | *#ʃˌãmˈĩn̪# | *#ʃˌãmˈẽː# | *#ʃamɛ̃# {GOLD: #ʃəmɛ̃#}
452    | #kˌɑmmiːn̪ˈɑːre# | *#kˌɑmmin̪ˈɑrɛ# | *#t͡ʃˌãmˈeːr# | *#ʃˌãmˈer# | *#ʃˌãmˈer# | *#ʃame# {GOLD: #ʃəmin̪e#}
453    | #kˌɑmˈoːxsum# | *#kˌɑmˈoxso# | *#t͡ʃˌãmˈojs# | *#ʃˌãmwˈɛːs# | *#ʃˌãmwˈɛːs# | *#ʃamwa# {GOLD: #ʃamwa#}
454    | #kˌɑmpˈɑːn̪iɑm# | *#kˌɑmpˈɑn̪ʝɑ# | *#t͡ʃˌãmpˈãɲə# | *#ʃˌãn̪pˈãɲə# | *#ʃˌãːpˈãɲə# | *#ʃɑ̃paɲ# {GOLD: #ʃɑ̃paɲ#}
455    | #kˌɑmpɑːn̪iˈolum# | *#kˌɑmpɑn̪ʝˈɔlo# | *#t͡ʃˌãmpiɲˈye̯l# | *#ʃˌãn̪pĩɲˈøl# | *#ʃˌãːpiɲˈøl# | *#ʃɑ̃piɲœl# {GOLD: #ʃɑ̃piɲœl#}
456    | #kˌɑmpɑːn̪iˈoːn̪em# | *#kˌɑmpɑn̪ʝˈon̪ɛ# | *#t͡ʃˌãmpiɲˈũn̪# | *#ʃˌãn̪pĩɲˈũn̪# | *#ʃˌãːpiɲˈũː# | *#ʃɑ̃piɲɔ̃# {GOLD: #ʃɑ̃piɲɔ̃#}
457    | #kˈɑmpum# | *#kˈɑmpo# | *#t͡ʃˈãmp# | *#ʃˈãn̪p# | *#ʃˈãːp# | *#ʃɑ̃# {GOLD: #ʃɑ̃#}
458    | #kˌɑn̪ˈɑːlem# | *#kˌɑn̪ˈɑlɛ# | *#t͡ʃˌən̪ˈal# | *#ʃˌən̪ˈal# | *#ʃˌən̪ˈal# | *#ʃən̪al# {GOLD: #ʃən̪al#}
459    | #kˈɑn̪ɑm# | *#kˈɑn̪ɑ# | *#t͡ʃˈie̯n̪ə# | *#ʃjˈẽn̪ə# | *#ʃjˈẽn̪ə# | *#ʃjɛn̪# {GOLD: #ʃjɛn̪#}
460    | #kˈɑn̪em# | *#kˈɑn̪ɛ# | *#t͡ʃˈie̯n̪# | *#ʃjˈẽn̪# | *#ʃjˈẽː# | *#ʃjɛ̃# {GOLD: #ʃjɛ̃#}
461    | #kˌɑn̪d̪elˈoːrum# | *#kˌɑn̪d̪ɛlˈoro# | *#t͡ʃˌãn̪d̪lˈowr# | *#ʃˌãn̪d̪lˈør# | *#ʃˌãːd̪lˈør# | *#ʃɑ̃d̪lœʁ# {GOLD: #ʃɑ̃d̪əlœʁ#}
462    | #kˌɑn̪kellˈɑːrium# | *#kˌɑŋcɛllˈɑrʝo# | *#t͡ʃˌãn̪t͡sʲelˈie̯r# | *#ʃˌãn̪sʲeljˈer# | *#ʃˌãːseljˈer# | *#ʃɑ̃sɛlje# {GOLD: #ʃɑ̃səlje#}
463    | #kˌɑːn̪ˈuːt̪um# | *#kˌɑn̪ˈut̪o# | *#t͡ʃˌən̪ˈyθ# | *#ʃˌən̪ˈy# | *#ʃˌən̪ˈy# | *#ʃən̪y# {GOLD: #ʃən̪y#}
464    | #kˌɑːn̪ˈuːt̪ɑm# | *#kˌɑn̪ˈut̪ɑ# | *#t͡ʃˌən̪ˈyðə# | *#ʃˌən̪ˈyə# | *#ʃˌən̪ˈyː# | *#ʃən̪y# {GOLD: #ʃən̪y#}
465    | #kˌɑpˈillum# | *#kˌɑpˈello# | *#t͡ʃˌəvˈel# | *#ʃˌəvˈø# | *#ʃˌəvˈø# | *#ʃəvø# {GOLD: #ʃəvø#}
466    | #kˌɑpˈilloːs# | *#kˌɑpˈellos# | *#t͡ʃˌəvˈeɫs# | *#ʃˌəvˈøːs# | *#ʃˌəvˈøːs# | *#ʃəvø# {GOLD: #ʃəvø#}
467    | #kˌɑpit̪ulˈɑːrium# | *#kˌɑpet̪olˈɑrʝo# | *#t͡ʃˌət̪iʎˈie̯r# | *#ʃˌət̪iʎjˈer# | *#ʃˌət̪iʎˈer# | *#ʃət̪ije# {GOLD: #ʃatwaje#}
468    | #kˈɑppɑm# | *#kˈɑppɑ# | *#t͡ʃˈapə# | *#ʃˈapə# | *#ʃˈapə# | *#ʃap# {GOLD: #ʃap#}
469    | #kˌɑppˈellɑm# | *#kˌɑppˈɛllɑ# | *#t͡ʃˌapˈɛlə# | *#ʃˌapˈɛlə# | *#ʃˌapˈɛlə# | *#ʃapɛl# {GOLD: #ʃapɛl#}
470    | #kˌɑppˈellum# | *#kˌɑppˈɛllo# | *#t͡ʃˌapˈɛl# | *#ʃˌape̯ˈaw# | *#ʃˌapə̯ˈoː# | *#ʃapo# {GOLD: #ʃapo#}
471    | #kˈɑprɑm# | *#kˈɑprɑ# | *#t͡ʃˈie̯vrə# | *#ʃjˈevrə# | *#ʃˈevrə# | *#ʃɛvʁ# {GOLD: #ʃɛvʁ#}
472    | #kˌɑpt̪iˈɑːre# | *#kˌɑpt͡sʲʝˈɑrɛ# | *#t͡ʃˌat͡sʲˈie̯r# | *#ʃˌasʲjˈer# | *#ʃˌasˈer# | *#ʃase# {GOLD: #ʃase#}
473    | #kˈɑpulum# | *#kˈɑplo# | *#t͡ʃˈie̯blə# | *#ʃjˈeblə# | *#ʃˈeblə# | *#ʃɛbl# {GOLD: #ʃabl#}
474    | #kˈɑpum# | *#kˈɑpo# | *#t͡ʃˈie̯f# | *#ʃjˈef# | *#ʃˈef# | *#ʃɛf# {GOLD: #ʃɛf#}
475    | #kˈɑrolus# | *#kˈɑrlos# | *#t͡ʃˈarləs# | *#ʃˈarləs# | *#ʃˈarlə# | *#ʃaʁl# {GOLD: #ʃaʁl#}
476    | #kˈɑrkerem# | *#kˈɑrcɛrɛ# | *#t͡ʃˈart̪rə# | *#ʃˈart̪rə# | *#ʃˈart̪rə# | *#ʃaʁt̪ʁ# {GOLD: #ʃaʁt̪ʁ#}
477    | #kˌɑrˈoːn̪eɑm# | *#kˌɑrˈon̪ʝɑ# | *#t͡ʃˌarˈũɲə# | *#ʃˌarˈũɲə# | *#ʃˌarˈũɲə# | *#ʃaʁɔɲ# {GOLD: #ʃaʁɔɲ#}
478    | #kˌɑrpen̪t̪ˈɑːrium# | *#kˌɑrpɛn̪t̪ˈɑrʝo# | *#t͡ʃˌarpẽn̪t̪ˈie̯r# | *#ʃˌarpãn̪t̪jˈer# | *#ʃˌarpãːt̪jˈer# | *#ʃaʁpɑ̃t̪je# {GOLD: #ʃaʁpɑ̃t̪je#}
479    | #kˈɑrpin̪um# | *#kˈɑrpen̪o# | *#t͡ʃˈarmə# | *#ʃˈarmə# | *#ʃˈarmə# | *#ʃaʁm# {GOLD: #ʃaʁm#}
480    | #kˌɑrrˈuːkɑm# | *#kˌɑrrˈukɑ# | *#t͡ʃˌarrˈyə# | *#ʃˌarˈyə# | *#ʃˌarˈyː# | *#ʃaʁy# {GOLD: #ʃaʁy#}
481    | #kʰˌɑrɑksˈɑːre# | *#kˌɑrɑxsˈɑrɛ# | *#t͡ʃˌarejsʲˈie̯r# | *#ʃˌarwɛsʲjˈer# | *#ʃˌarwɛsˈer# | *#ʃaʁwase# {GOLD: #ʒɛʁse#}
482    | #kˈɑːrɑm# | *#kˈɑrɑ# | *#t͡ʃˈie̯rə# | *#ʃjˈerə# | *#ʃˈerə# | *#ʃɛʁ# {GOLD: #ʃɛʁ#}
483    | #kˌɑːrit̪ˈɑːt̪em# | *#kˌɑret̪ˈɑt̪ɛ# | *#t͡ʃˌart̪ˈeːθ# | *#ʃˌart̪ˈe# | *#ʃˌart̪ˈe# | *#ʃaʁt̪e# {GOLD: #ʃɛʁt̪e#}
484    | #kˈɑrrikɑm# | *#kˈɑrrekɑ# | *#t͡ʃˈard͡ʒə# | *#ʃˈarʒə# | *#ʃˈarʒə# | *#ʃaʁʒ# {GOLD: #ʃaʁʒ#}
485    | #kˌɑrrikˈɑːre# | *#kˌɑrrekˈɑrɛ# | *#t͡ʃˌard͡ʒˈie̯r# | *#ʃˌarʒjˈer# | *#ʃˌarʒˈer# | *#ʃaʁʒe# {GOLD: #ʃaʁʒe#}
486    | #kˌɑrrikˈɑːt̪ɑm# | *#kˌɑrrekˈɑt̪ɑ# | *#t͡ʃˌard͡ʒˈie̯ðə# | *#ʃˌarʒjˈeə# | *#ʃˌarʒˈeː# | *#ʃaʁʒe# {GOLD: #ʃaʁʒe#}
487    | #kˈɑrrum# | *#kˈɑrro# | *#t͡ʃˈar# | *#ʃˈar# | *#ʃˈar# | *#ʃaʁ# {GOLD: #ʃaʁ#}
488    | #kˈɑrt̪un̪eːs# | *#kˈɑrt̪on̪es# | *#t͡ʃˈart̪rəs# | *#ʃˈart̪rəs# | *#ʃˈart̪rə# | *#ʃaʁt̪ʁ# {GOLD: #ʃaʁt̪ʁ#}
489    | #kˈɑːrum# | *#kˈɑro# | *#t͡ʃˈie̯r# | *#ʃjˈer# | *#ʃˈer# | *#ʃɛʁ# {GOLD: #ʃɛʁ#}
490    | #kˌɑst̪ˈɑn̪eɑm# | *#kˌɑst̪ˈɑn̪ʝɑ# | *#t͡ʃˌast̪ˈãɲə# | *#ʃˌaːt̪ˈãɲə# | *#ʃˌaːt̪ˈãɲə# | *#ʃɑt̪aɲ# {GOLD: #ʃɑt̪ɛɲ#}
491    | #kˌɑst̪ˈellum# | *#kˌɑst̪ˈɛllo# | *#t͡ʃˌast̪ˈɛl# | *#ʃˌaːt̪e̯ˈaw# | *#ʃˌaːt̪ə̯ˈoː# | *#ʃɑt̪o# {GOLD: #ʃɑt̪o#}
492    | #kˈɑsum# | *#kˈɑso# | *#t͡ʃˈie̯s# | *#ʃjˈeːs# | *#ʃˈeːs# | *#ʃe# {GOLD: #ʃe#}
493    | #kˌɑt̪ˈeːn̪ɑm# | *#kˌɑt̪ˈen̪ɑ# | *#t͡ʃˌaðˈẽj̃n̪ə# | *#ʃˌaˈɛ̃j̃n̪ə# | *#ʃˈɛːn̪ə# | *#ʃɛn̪# {GOLD: #ʃɛn̪#}
494    | #kˈɑt̪t̪ɑm# | *#kˈɑt̪t̪ɑ# | *#t͡ʃˈat̪ə# | *#ʃˈat̪ə# | *#ʃˈat̪ə# | *#ʃat̪# {GOLD: #ʃat̪#}
495    | #kˈɑt̪t̪um# | *#kˈɑt̪t̪o# | *#t͡ʃˈat̪# | *#ʃˈat̪# | *#ʃˈat̪# | *#ʃa# {GOLD: #ʃa#}
496    | #kˈɑt̪ʰed̪rɑm# | *#kˌɑt̪ˈɛd̪rɑ# | *#t͡ʃˌaðˈɛðrə# | *#ʃˌaˈɛrə# | *#ʃˈɛːrə# | *#ʃɛʁ# {GOLD: #ʃɛz#}
497    | #kˌɑwˈɑn̪n̪um# | *#kˌɑwˈɑn̪n̪o# | *#t͡ʃˌɔwˈãn̪# | *#ʃˌuˈãn̪# | *#ʃˌuˈãː# | *#ʃuɑ̃# {GOLD: #ʃwɑ̃#}
498    | #kˌɑweˈolɑ# | *#kˌɑʝˈɔlɑ# | *#t͡ʃˌejˈye̯lə# | *#ʃwˌɛjˈølə# | *#ʃwˌɛjˈølə# | *#ʃwajœl# {GOLD: #ʒol#}
499    | #kˌɑːwˈikulɑm# | *#kˌɑβʷˈeklɑ# | *#t͡ʃˌəvˈeʎə# | *#ʃˌəvˈɛʎə# | *#ʃˌəvˈɛʎə# | *#ʃəvɛj# {GOLD: #ʃəvij#}
500    | #kˈɑwlis# | *#kˈɑwles# | *#t͡ʃˈɔɫs# | *#ʃˈuːs# | *#ʃˈuːs# | *#ʃu# {GOLD: #ʃu#}
501    | #kˈɑwsɑm# | *#kˈɑwsɑ# | *#t͡ʃˈɔzə# | *#ʃˈɔzə# | *#ʃˈoːzə# | *#ʃoz# {GOLD: #ʃoz#}
502    | #kˌellɑriˈɑːrium# | *#cˌɛllɑrʝˈɑrʝo# | *#t͡sʲˌɛlejrʲˈie̯r# | *#sʲˌɛlwɛrʲjˈer# | *#sˌɛlwɛrˈer# | *#sɛlwaʁe# {GOLD: #sɛleʁje#}
503    | #kˈen̪t̪um# | *#cˈɛn̪t̪o# | *#t͡sʲˈɛ̃n̪t̪# | *#sʲˈãn̪t̪# | *#sˈãːt̪# | *#sɑ̃# {GOLD: #sɑ̃#}
504    | #kˈeːrɑm# | *#cˈerɑ# | *#t͡sʲˈirə# | *#sʲˈirə# | *#sˈirə# | *#siʁ# {GOLD: #siʁ#}
505    | #kˌerebˈellɑm# | *#cˌɛrɛβˈɛllɑ# | *#t͡sʲˌɛrvˈɛlə# | *#sʲˌɛrvˈɛlə# | *#sˌɛrvˈɛlə# | *#sɛʁvɛl# {GOLD: #sɛʁvɛl#}
506    | #kˌerebˈellum# | *#cˌɛrɛβˈɛllo# | *#t͡sʲˌɛrvˈɛl# | *#sʲˌɛrve̯ˈaw# | *#sˌɛrvə̯ˈoː# | *#sɛʁvo# {GOLD: #sɛʁvo#}
507    | #kˈeːreum# | *#cˈerʝo# | *#t͡sʲˈir# | *#sʲˈir# | *#sˈir# | *#siʁ# {GOLD: #sjɛʁʒ#}
508    | #kˈert̪ɑm# | *#cˈɛrt̪ɑ# | *#t͡sʲˈɛrt̪ə# | *#sʲˈɛrt̪ə# | *#sˈɛrt̪ə# | *#sɛʁt̪# {GOLD: #sɛʁt̪#}
509    | #kˌert̪ˈɑːn̪ɑm# | *#cˌɛrt̪ˈɑn̪ɑ# | *#t͡sʲˌɛrt̪ˈãj̃n̪ə# | *#sʲˌɛrt̪ˈɛ̃j̃n̪ə# | *#sˌɛrt̪ˈɛ̃n̪ə# | *#sɛʁt̪ɛn̪# {GOLD: #sɛʁt̪ɛn̪#}
510    | #kˌert̪ˈɑːn̪um# | *#cˌɛrt̪ˈɑn̪o# | *#t͡sʲˌɛrt̪ˈãj̃n̪# | *#sʲˌɛrt̪ˈɛ̃j̃n̪# | *#sˌɛrt̪ˈɛ̃ː# | *#sɛʁt̪ɛ̃# {GOLD: #sɛʁt̪ɛ̃#}
511    | #kˌerwˈeːsiɑm# | *#cˌɛrβʷˈesʝɑ# | *#t͡sʲˌɛrvˈojzə# | *#sʲˌɛrvwˈɛzə# | *#sˌɛrvwˈɛzə# | *#sɛʁvwaz# {GOLD: #sɛʁvwaz#}
512    | #kˈerwum# | *#cˈɛrβʷo# | *#t͡sʲˈɛrf# | *#sʲˈɛrf# | *#sˈɛrf# | *#sɛʁf# {GOLD: #sɛʁ#}
513    | #kˈin̪ɡulɑ# | *#cˈeŋɡlɑ# | *#t͡sʲˈẽŋɡlə# | *#sʲˈãŋɡlə# | *#sˈãːɡlə# | *#sɑ̃ɡl# {GOLD: #sɑ̃ɡl#}
514    | #kˌin̪kt̪ˈuːrɑm# | *#cˌeŋt̪ˈurɑ# | *#t͡sʲˌẽj̃n̪t̪ˈyrə# | *#sʲˌɛ̃j̃n̪t̪ˈyrə# | *#sˌɛ̃ːt̪ˈyrə# | *#sɛ̃t̪yʁ# {GOLD: #sɛ̃t̪yʁ#}
515    | #kˈippum# | *#cˈeppo# | *#t͡sʲˈep# | *#sʲˈɛp# | *#sˈɛp# | *#sɛ# {GOLD: #sɛp#}
516    | #kˈirkin̪um# | *#cˈercen̪o# | *#t͡sʲˈern̪ə# | *#sʲˈɛrn̪ə# | *#sˈɛrn̪ə# | *#sɛʁn̪# {GOLD: #sɛʁn̪#}
517    | #kˈirkulum# | *#cˈerklo# | *#t͡sʲˈerklə# | *#sʲˈɛrklə# | *#sˈɛrklə# | *#sɛʁkl# {GOLD: #sɛʁkl#}
518    | #kˌiːwit̪ˈɑːt̪em# | *#cˌiβʷet̪ˈɑt̪ɛ# | *#t͡sʲˌit̪ˈeːθ# | *#sʲˌit̪ˈe# | *#sˌit̪ˈe# | *#sit̪e# {GOLD: #sit̪e#}
519    | #klˈɑd̪ˌeːwon̪# | *#klˈɑd̪ˌeβʷɔ# | *#klˈeːðˌef# | *#klˈeˌef# | *#klˌeːf# | *#klef# {GOLD: #ɡlɛv#}
520    | #klˌɑːmˈɑːre# | *#klˌɑmˈɑrɛ# | *#klˌãmˈeːr# | *#ɡlˌãmˈer# | *#ɡlˌãmˈer# | *#ɡlame# {GOLD: #klame#}
521    | #klˈɑːmum# | *#klˈɑmo# | *#klˈãj̃n̪# | *#ɡlˈɛ̃j̃n̪# | *#ɡlˈɛ̃ː# | *#ɡlɛ̃# {GOLD: #klɛ̃#}
522    | #klˈɑːrɑm# | *#klˈɑrɑ# | *#klˈeːrə# | *#klˈerə# | *#klˈerə# | *#klɛʁ# {GOLD: #klɛʁ#}
523    | #klˈɑːreɑm# | *#klˈɑrʝɑ# | *#klˈajrə# | *#ɡlˈɛrə# | *#ɡlˈɛrə# | *#ɡlɛʁ# {GOLD: #ɡlɛʁ#}
524    | #klˈɑːrum# | *#klˈɑro# | *#klˈeːr# | *#klˈer# | *#klˈer# | *#klɛʁ# {GOLD: #klɛʁ#}
525    | #klˈɑssum# | *#klˈɑsso# | *#klˈas# | *#ɡlˈaːs# | *#ɡlˈaːs# | *#ɡlɑ# {GOLD: #ɡlɑ#}
526    | #klˈɑːwem# | *#klˈɑβʷɛ# | *#klˈeːf# | *#klˈef# | *#klˈef# | *#klɛf# {GOLD: #kle#}
527    | #klˈɑːwem# | *#klˈɑβʷɛ# | *#klˈeːf# | *#klˈef# | *#klˈef# | *#klɛf# {GOLD: #klɛf#}
528    | #klˈɑːwum# | *#klˈɑo# | *#klˈɔw# | *#klˈu# | *#klˈu# | *#klu# {GOLD: #klu#}
529    | #klˈeːt̪ɑ# | *#klˈet̪ɑ# | *#klˈejðə# | *#klˈajə# | *#klˈɛː# | *#klɛ# {GOLD: #klɛ#}
530    | #kˈoːd̪ɑm# | *#kˈod̪ɑ# | *#kˈowðə# | *#kˈøə# | *#kˈøː# | *#kø# {GOLD: #kø#}
531    | #kˌohˈort̪em# | *#kˈort̪ɛ# | *#kˈort̪# | *#kˈurt̪# | *#kˈurt̪# | *#kuʁ# {GOLD: #kuʁ#}
532    | #kˈoːleɑ# | *#kˈolʝɑ# | *#kˈoʎə# | *#kˈuʎə# | *#kˈuʎə# | *#kuj# {GOLD: #kuj#}
533    | #kˈolloːs# | *#kˈɔllos# | *#kˈɔɫs# | *#kˈuːs# | *#kˈuːs# | *#ku# {GOLD: #ku#}
534    | #kˈollum# | *#kˈɔllo# | *#kˈɔl# | *#kˈu# | *#kˈu# | *#ku# {GOLD: #ku#}
535    | #kˌolombiˈɑːrium# | *#kˌɔlɔmbʝˈɑrʝo# | *#kˌolẽmd͡ʒˈie̯r# | *#kˌulãn̪ʒjˈer# | *#kˌulãːʒˈer# | *#kulɑ̃ʒe# {GOLD: #kɔlɔ̃bje#}
536    | #kˈolpoːs# | *#kˈɔɫpos# | *#kˈɔɫs# | *#kˈuːs# | *#kˈuːs# | *#ku# {GOLD: #ku#}
537    | #kˈolpum# | *#kˈɔɫpo# | *#kˈɔɫp# | *#kˈup# | *#kˈup# | *#ku# {GOLD: #ku#}
538    | #kˈolubrɑm# | *#kˌɔlˈoβrɑ# | *#kˌolˈuvrə# | *#kˌulˈuvrə# | *#kˌulˈuvrə# | *#kuluvʁ# {GOLD: #kulœvʁ#}
539    | #kˌolˈukulɑ# | *#kˌɔlˈoklɑ# | *#kˌolˈoʎə# | *#kˌulˈuʎə# | *#kˌulˈuʎə# | *#kuluj# {GOLD: #kən̪uj#}
540    | #kˌolˈumbɑ# | *#kˌɔlˈombɑ# | *#kˌolˈũmbə# | *#kˌulˈũn̪bə# | *#kˌulˈũːbə# | *#kulɔ̃b# {GOLD: #kolɔ̃b#}
541    | #kˈokkum# | *#kˈɔkko# | *#kˈɔk# | *#kˈɔk# | *#kˈɔk# | *#kɔk# {GOLD: #kɔk#}
542    | #kˌokʰleˈɑːrium# | *#kˌɔklʝˈɑrʝo# | *#kˌyʎˈie̯r# | *#kɥˌiʎjˈer# | *#kɥˌiʎˈer# | *#kɥije# {GOLD: #kɥijɛʁ#}
543    | #kˈoksɑ# | *#kˈɔxsɑ# | *#kˈyjsə# | *#kɥˈiːsə# | *#kɥˈiːsə# | *#kɥis# {GOLD: #kɥis#}
544    | #kˈokwus# | *#kˈɔkos# | *#kˈye̯ws# | *#kˈøːs# | *#kˈøːs# | *#kø# {GOLD: #kø#}
545    | #kˈomit̪em# | *#kˈɔmet̪ɛ# | *#kˈũmt̪ə# | *#kˈũn̪t̪ə# | *#kˈũːt̪ə# | *#kɔ̃t̪# {GOLD: #kɔ̃t̪#}
546    | #kˌommeˈɑːt̪um# | *#kˌɔmmʝˈɑt̪o# | *#kˌũmd͡ʒˈie̯θ# | *#kˌũn̪ʒjˈe# | *#kˌũːʒˈe# | *#kɔ̃ʒe# {GOLD: #kɔ̃ʒe#}
547    | #kˌommˈuːn̪em# | *#kˌɔmmˈun̪ɛ# | *#kˌũmˈyn̪# | *#kˌũmˈỹn̪# | *#kˌũmˈỹː# | *#kɔmœ̃# {GOLD: #kɔmœ̃#}
548    | #kˌompˈɑːn̪iɑ# | *#kˌɔmpˈɑn̪ʝɑ# | *#kˌũmpˈãɲə# | *#kˌũn̪pˈãɲə# | *#kˌũːpˈãɲə# | *#kɔ̃paɲ# {GOLD: #kɔ̃paɲ#}
549    | #kˌompˈɑːn̪ioː# | *#kˌɔmpˈɑn̪ʝo# | *#kˌũmpˈãj̃ɲ# | *#kˌũn̪pˈɛ̃j̃ɲ# | *#kˌũːpˈɛ̃ː# | *#kɔ̃pɛ̃# {GOLD: #kɔpɛ̃#}
550    | #kˌompˈɑːn̪iˈoːn̪em# | *#kˌɔmpˈɑn̪ʝˈon̪ɛ# | *#kˌũmpˈãɲˈũn̪# | *#kˌũn̪pˈãɲˈũn̪# | *#kˌũːpˈãɲˈũː# | *#kɔ̃paɲɔ̃# {GOLD: #kɔ̃paɲɔ̃#}
551    | #kˈomput̪um# | *#kˈɔmpot̪o# | *#kˈũmt̪ə# | *#kˈũn̪t̪ə# | *#kˈũːt̪ə# | *#kɔ̃t̪# {GOLD: #kɔ̃t̪#}
552    | #kˌon̪n̪ˈoːskere# | *#kˌɔn̪n̪ˈoscɛrɛ# | *#kˌũn̪ˈojst̪rə# | *#kˌũn̪wˈɛːt̪rə# | *#kˌũn̪wˈɛːt̪rə# | *#kɔn̪wat̪ʁ# {GOLD: #kɔn̪ɛt̪ʁ#}
553    | #kˌon̪siliˈɑːrium# | *#kˌoselʝˈɑrʝo# | *#kˌoziʎˈie̯r# | *#kˌuziʎjˈer# | *#kˌuziʎˈer# | *#kuzije# {GOLD: #kɔ̃seje#}
554    | #kˌon̪sˈilium# | *#kˌɔn̪sˈelʝo# | *#kˌũn̪sˈeʎ# | *#kˌũn̪sˈɛʎ# | *#kˌũːsˈɛʎ# | *#kɔ̃sɛj# {GOLD: #kɔ̃sej#}
555    | #kˌoːn̪sueːt̪ˈuːd̪imen̪# | *#kˌoswet̪ˈud̪emɛ# | *#kˌost̪ˈyðmə# | *#kˌuːt̪ˈỹːmə# | *#kˌuːt̪ˈyːmə# | *#kut̪ym# {GOLD: #kut̪ym#}
556    | #kˈon̪t̪rɑː# | *#kˈɔn̪t̪rɑ# | *#kˈũn̪t̪rə# | *#kˈũn̪t̪rə# | *#kˈũːt̪rə# | *#kɔ̃t̪ʁ# {GOLD: #kɔ̃t̪ʁ#}
557    | #kˈoːpulɑm# | *#kˈoplɑ# | *#kˈublə# | *#kˈublə# | *#kˈublə# | *#kubl# {GOLD: #kupl#}
558    | #kˈor# | *#kˈɔr# | *#kˈye̯r# | *#kˈør# | *#kˈør# | *#kœʁ# {GOLD: #kœʁ#}
559    | #kˈorn̪ɑm# | *#kˈɔrn̪ɑ# | *#kˈɔrn̪ə# | *#kˈɔrn̪ə# | *#kˈɔrn̪ə# | *#kɔʁn̪# {GOLD: #kɔʁn̪#}
560    | #kˈorium# | *#kˈɔrʝo# | *#kˈyjr# | *#kɥˈir# | *#kɥˈir# | *#kɥiʁ# {GOLD: #kɥiʁ#}
561    | #kˌorˈoːn̪ɑm# | *#kˌɔrˈon̪ɑ# | *#kˌorˈũn̪ə# | *#kˌurˈũn̪ə# | *#kˌurˈũn̪ə# | *#kuʁɔn̪# {GOLD: #kuʁɔn̪#}
562    | #kˈorpus# | *#kˈɔrpos# | *#kˈɔrs# | *#kˈɔrs# | *#kˈɔrs# | *#kɔʁ# {GOLD: #kɔʁ#}
563    | #kˌorrˈiɡiɑ# | *#kˌɔrrˈeʝʝɑ# | *#kˌorrˈejə# | *#kˌurwˈɛə# | *#kˌurwˈɛː# | *#kuʁwa# {GOLD: #kuʁwa#}
564    | #kˌorroɡˈɑːt̪ɑm# | *#kˌɔrrɔɣˈɑt̪ɑ# | *#kˌorvˈeːðə# | *#kˌurvˈeə# | *#kˌurvˈeː# | *#kuʁve# {GOLD: #kɔʁve#}
565    | #kˈost̪ɑm# | *#kˈɔst̪ɑ# | *#kˈɔst̪ə# | *#kˈoːt̪ə# | *#kˈoːt̪ə# | *#kot̪# {GOLD: #kot̪#}
566    | #kˌost̪ˈɑːt̪um# | *#kˌɔst̪ˈɑt̪o# | *#kˌɔst̪ˈeːθ# | *#kˌoːt̪ˈe# | *#kˌoːt̪ˈe# | *#kot̪e# {GOLD: #kot̪e#}
567    | #krˌɑksˈɑːt̪um# | *#krˌɑxsˈɑt̪o# | *#krˌajsʲˈie̯θ# | *#ɡrˌɛsʲjˈe# | *#ɡrˌɛsˈe# | *#ɡʁɛse# {GOLD: #ɡʁəse#}
568    | #krˈɑssɑm# | *#krˈɑssɑ# | *#krˈasə# | *#ɡrˈaːsə# | *#ɡrˈaːsə# | *#ɡʁɑs# {GOLD: #ɡʁɑs#}
569    | #krˈɑssɑːs# | *#krˈɑssɑs# | *#krˈasəs# | *#ɡrˈasəs# | *#ɡrˈasə# | *#ɡʁas# {GOLD: #ɡʁɑs#}
570    | #krˈɑssiɑ# | *#krˈɑssʝɑ# | *#krˈajsə# | *#ɡrˈɛːsə# | *#ɡrˈɛːsə# | *#ɡʁɛs# {GOLD: #ɡʁɛs#}
571    | #krˈɑssoːs# | *#krˈɑssos# | *#krˈas# | *#ɡrˈaːs# | *#ɡrˈaːs# | *#ɡʁɑ# {GOLD: #ɡʁɑ#}
572    | #krˈɑssum# | *#krˈɑsso# | *#krˈas# | *#ɡrˈaːs# | *#ɡrˈaːs# | *#ɡʁɑ# {GOLD: #ɡʁɑ#}
573    | #krˌɑːt̪ˈɑːlem# | *#krˌɑt̪ˈɑlɛ# | *#krˌaðˈeːl# | *#ɡrˌaˈel# | *#ɡrˌaˈel# | *#ɡʁaɛl# {GOLD: #ɡʁal#}
574    | #krˌɑːt̪ˈiːkulɑ# | *#krˌɑt̪ˈiklɑ# | *#krˌaðˈiʎə# | *#ɡrˌaˈiʎə# | *#ɡrˌaˈiʎə# | *#ɡʁaj# {GOLD: #ɡʁij#}
575    | #krˌɑːt̪iːkulˈɑːre# | *#krˌɑt̪ikolˈɑrɛ# | *#krˌad͡ʒəlˈeːr# | *#ɡrˌaʒəlˈer# | *#ɡrˌaʒlˈer# | *#ɡʁaʒle# {GOLD: #ɡʁije#}
576    | #krˌɑːt̪ˈiːkulum# | *#krˌɑt̪ˈiklo# | *#krˌaðˈiʎ# | *#ɡrˌaˈiʎ# | *#ɡrˌaˈiʎ# | *#ɡʁaj# {GOLD: #ɡʁij#}
577    | #krˌeːd̪en̪t̪ˈɑːre# | *#krˌed̪ɛn̪t̪ˈɑrɛ# | *#krˌəðẽn̪t̪ˈeːr# | *#krˌəãn̪t̪ˈer# | *#krə̯ãːt̪ˈer# | *#kʁɑ̃t̪e# {GOLD: #ɡʁɑ̃t̪e#}
578    | #krˌeːd̪ˈen̪t̪em# | *#krˌed̪ˈɛn̪t̪ɛ# | *#krˌəðˈɛ̃n̪t̪# | *#krˌəˈãn̪t̪# | *#krˈãːt̪# | *#kʁɑ̃# {GOLD: #ɡʁɑ̃#}
579    | #krˈeːd̪is# | *#krˈed̪es# | *#krˈejt͡s# | *#krwˈɛs# | *#krwˈɛs# | *#kʁwa# {GOLD: #kʁwa#}
580    | #krˌepɑn̪t̪ˈɑːre# | *#krˌɛpɑn̪t̪ˈɑrɛ# | *#krˌəvẽn̪t̪ˈeːr# | *#krˌəvãn̪t̪ˈer# | *#krˌəvãːt̪ˈer# | *#kʁəvɑ̃t̪e# {GOLD: #ɡʁavɑ̃t̪e#}
581    | #krˌeːskˈen̪t̪em# | *#krˌescˈɛn̪t̪ɛ# | *#krˌejsˈɛ̃n̪t̪# | *#krwˌɛsˈãn̪t̪# | *#krwˌɛsˈãːt̪# | *#kʁwasɑ̃# {GOLD: #kʁwasɑ̃#}
582    | #krˈeːt̪ɑm# | *#krˈet̪ɑ# | *#krˈejðə# | *#krˈajə# | *#krˈɛː# | *#kʁɛ# {GOLD: #kʁɛ#}
583    | #krˈuːd̪ɑm# | *#krˈud̪ɑ# | *#krˈyðə# | *#krˈyə# | *#krˈyː# | *#kʁy# {GOLD: #kʁy#}
584    | #krˈuːd̪ɑːs# | *#krˈud̪ɑs# | *#krˈyðəs# | *#krˈyəs# | *#krˈyː# | *#kʁy# {GOLD: #kʁy#}
585    | #krˈuːd̪oːs# | *#krˈud̪os# | *#krˈyt͡s# | *#krˈys# | *#krˈys# | *#kʁy# {GOLD: #kʁy#}
586    | #krˈuːd̪um# | *#krˈud̪o# | *#krˈyθ# | *#krˈy# | *#krˈy# | *#kʁy# {GOLD: #kʁy#}
587    | #krˈukem# | *#krˈocɛ# | *#krˈojt͡sʲ# | *#krwˈɛsʲ# | *#krwˈɛs# | *#kʁwa# {GOLD: #kʁwa#}
588    | #krˈust̪ɑm# | *#krˈost̪ɑ# | *#krˈost̪ə# | *#krˈuːt̪ə# | *#krˈuːt̪ə# | *#kʁut̪# {GOLD: #kʁut̪#}
589    | #kˌukˈullɑm# | *#kˌokˈollɑ# | *#kˌoˈolə# | *#kˌuˈulə# | *#kˈuːlə# | *#kul# {GOLD: #kul#}
590    | #kˌukˈullum# | *#kˌokˈollo# | *#kˌoˈol# | *#kˌuˈuə# | *#kˈuː# | *#ku# {GOLD: #kul#}
591    | #kˌulpˈɑːbilem# | *#kˌoɫpˈɑβelɛ# | *#kˌoɫpˈablə# | *#kˌupˈablə# | *#kˌupˈablə# | *#kupabl# {GOLD: #kupabl#}
592    | #kˈuːlum# | *#kˈulo# | *#kˈyl# | *#kˈyl# | *#kˈyl# | *#kyl# {GOLD: #ky#}
593    | #kˈuːloːs# | *#kˈulos# | *#kˈyɫs# | *#kˈyːs# | *#kˈyːs# | *#ky# {GOLD: #ky#}
594    | #kˈumbɑm# | *#kˈombɑ# | *#kˈũmbə# | *#kˈũn̪bə# | *#kˈũːbə# | *#kɔ̃b# {GOLD: #kɔ̃b#}
595    | #kˈumulum# | *#kˈomlo# | *#kˈũmblə# | *#kˈũn̪blə# | *#kˈũːblə# | *#kɔ̃bl# {GOLD: #kɔ̃bl#}
596    | #kˌun̪eˈɑːt̪ɑm# | *#kˌon̪ʝˈɑt̪ɑ# | *#kˌũɲˈie̯ðə# | *#kˌũɲjˈeə# | *#kˌũɲˈeː# | *#kɔɲe# {GOLD: #kɔɲe#}
597    | #kˈun̪eum# | *#kˈon̪ʝo# | *#kˈũj̃ɲ# | *#kwˈĩɲ# | *#kwˈɛ̃ː# | *#kwɛ̃# {GOLD: #kwɛ̃#}
598    | #kˈuːpɑm# | *#kˈupɑ# | *#kˈyvə# | *#kˈyvə# | *#kˈyvə# | *#kyv# {GOLD: #kyv#}
599    | #kˈuppɑm# | *#kˈoppɑ# | *#kˈopə# | *#kˈupə# | *#kˈupə# | *#kup# {GOLD: #kup#}
600    | #kˈuːpreum# | *#kˈuprʝo# | *#kˈyjvrə# | *#kɥˈivrə# | *#kɥˈivrə# | *#kɥivʁ# {GOLD: #kɥivʁ#}
601    | #kˈupulɑm# | *#kˈoplɑ# | *#kˈublə# | *#kˈublə# | *#kˈublə# | *#kubl# {GOLD: #kubl#}
602    | #kˈursum# | *#kˈorso# | *#kˈors# | *#kˈurs# | *#kˈurs# | *#kuʁ# {GOLD: #kuʁ#}
603    | #kwˌɑd̪rˈɑːn̪t̪ɑm# | *#kwˌɑd̪rˈɑn̪t̪ɑ# | *#kwˌaðrˈãn̪t̪ə# | *#kˌarˈãn̪t̪ə# | *#kˌarˈãːt̪ə# | *#kaʁɑ̃t̪# {GOLD: #kaʁɑ̃t̪#}
604    | #kwˌɑd̪rifˈurkum# | *#kwˌɑd̪refˈorko# | *#kwˌaðrəvˈork# | *#kˌarəvˈurk# | *#kˌarvˈurk# | *#kaʁvuʁ# {GOLD: #kaʁfuʁ#}
605    | #kwˈae̯sit̪um# | *#kwˈɛset̪o# | *#kˈɛst̪# | *#kˈɛːt̪# | *#kˈɛːt̪# | *#kɛ# {GOLD: #kɛt̪#}
606    | #kwˈɑːle# | *#kwˈɑlɛ# | *#kwˈeːl# | *#kˈel# | *#kˈel# | *#kɛl# {GOLD: #kɛl#}
607    | #kwˈɑːlem# | *#kwˈɑlɛ# | *#kwˈeːl# | *#kˈel# | *#kˈel# | *#kɛl# {GOLD: #kɛl#}
608    | #kwˈɑn̪d̪oː# | *#kwˈɑn̪d̪o# | *#kwˈãn̪t̪# | *#kˈãn̪t̪# | *#kˈãːt̪# | *#kɑ̃# {GOLD: #kɑ̃#}
609    | #kwˈɑn̪t̪um# | *#kwˈɑn̪t̪o# | *#kwˈãn̪t̪# | *#kˈãn̪t̪# | *#kˈãːt̪# | *#kɑ̃# {GOLD: #kɑ̃#}
610    | #kwˈɑt̪t̪uor# | *#kwˈɑt̪t̪wɔr# | *#kwˈat̪rə# | *#kˈat̪rə# | *#kˈat̪rə# | *#kat̪ʁ# {GOLD: #kat̪ʁ#}
611    | #kwˌɑt̪t̪uˈord̪ekim# | *#kwˌɑt̪t̪wˈɔrd̪ɛce# | *#kwˌat̪ˈɔrd͡zə# | *#kˌat̪ˈɔrzə# | *#kˌat̪ˈɔrzə# | *#kat̪ɔʁz# {GOLD: #kat̪ɔʁz#}
612    | #kwem# | *#kwɛ# | *#kwə# | *#kə# | *#kə# | *#kə# {GOLD: #kə#}
613    | #kˌerkˈed̪ulɑm# | *#cˌɛrcˈɛd̪lɑ# | *#t͡sʲˌɛrt͡sʲˈɛlə# | *#sʲˌɛrsʲˈɛlə# | *#sˌɛrsˈɛlə# | *#sɛʁsɛl# {GOLD: #saʁsɛl#}
614    | #kwˈiː# | *#kwˈi# | *#kˈi# | *#kˈi# | *#kˈi# | *#ki# {GOLD: #ki#}
615    | #kwˌiː# | *#kwˌi# | *#kˌi# | *#kˌi# | *#kˌi# | *#ki# {GOLD: #ki#}
616    | #kwˈid̪# | *#kwˈed̪# | *#kˈejθ# | *#kwˈɛ# | *#kwˈɛ# | *#kwa# {GOLD: #kwa#}
617    | #kwiˈeːt̪um# | *#kwˈet̪o# | *#kˈejθ# | *#kwˈɛ# | *#kwˈɛ# | *#kwa# {GOLD: #kwa#}
618    | #kwˈiːn̪d̪ekim# | *#kwˈin̪d̪ɛce# | *#kˈin̪d͡zə# | *#kˈĩn̪zə# | *#kˈẽːzə# | *#kɛ̃z# {GOLD: #kɛ̃z#}
619    | #kwˈiːn̪kwe# | *#cˈiŋkwɛ# | *#t͡sʲˈiŋkwə# | *#sʲˈĩŋkə# | *#sˈẽːkə# | *#sɛ̃k# {GOLD: #sɛ̃k#}
620    | #kwˈiːn̪kwˈɑːn̪t̪ɑm# | *#cˌiŋkwˈɑn̪t̪ɑ# | *#t͡sʲˌiŋkwˈãn̪t̪ə# | *#sʲˌĩŋkˈãn̪t̪ə# | *#sˌẽːkˈãːt̪ə# | *#sɛ̃kɑ̃t̪# {GOLD: #sɛ̃kɑ̃t̪#}
621    | #kwˌiːn̪t̪ˈɑːn̪ɑm# | *#kwˌin̪t̪ˈɑn̪ɑ# | *#kˌin̪t̪ˈãj̃n̪ə# | *#kˌĩn̪t̪ˈɛ̃j̃n̪ə# | *#kˌẽːt̪ˈɛ̃n̪ə# | *#kɛ̃t̪ɛn̪# {GOLD: #kɛ̃t̪ɛn̪#}
622    | #kwˈiːn̪t̪um# | *#kwˈin̪t̪o# | *#kˈin̪t̪# | *#kˈĩn̪t̪# | *#kˈẽːt̪# | *#kɛ̃# {GOLD: #kɛ̃#}
623    | #kwˌid̪# | *#kwˌed̪# | *#kˌeθ# | *#kˌe# | *#kˌe# | *#ke# {GOLD: #kə#}
624    | #kwˈoːmod̪o# | *#kˈomɔd̪ɔ# | *#kˈũmə# | *#kˈũmə# | *#kˈũmə# | *#kɔm# {GOLD: #kɔm#}
625    | #lˈɑbrɑm# | *#lˈɑβrɑ# | *#lˈeːvrə# | *#lˈevrə# | *#lˈevrə# | *#lɛvʁ# {GOLD: #lɛvʁ#}
626    | #lˈae̯t̪it̪iɑ# | *#lˈɛt̪et͡sʲʝɑ# | *#lˈie̯t͡sʲə# | *#ljˈesʲə# | *#ljˈesə# | *#ljɛs# {GOLD: #ljɛs#}
627    | #lˈɑːikum# | *#lˈɑeko# | *#lˈaj# | *#lˈɛ# | *#lˈɛ# | *#lɛ# {GOLD: #lɛ#}
628    | #lˈɑkrimɑm# | *#lˈɑkremɑ# | *#lˈajrmə# | *#lˈɛrmə# | *#lˈɛrmə# | *#lɛʁm# {GOLD: #laʁm#}
629    | #lˌɑksˈɑːre# | *#lˌɑxsˈɑrɛ# | *#lˌajsʲˈie̯r# | *#lˌɛsʲjˈer# | *#lˌɛsˈer# | *#lɛse# {GOLD: #lɛse#}
630    | #lˈɑkt̪em# | *#lˈɑxt̪ɛ# | *#lˈajt̪# | *#lˈɛt̪# | *#lˈɛt̪# | *#lɛ# {GOLD: #lɛ#}
631    | #lˌɑkt̪ˈuːkɑm# | *#lˌɑxt̪ˈukɑ# | *#lˌajt̪ˈyə# | *#lˌɛt̪ˈyə# | *#lˌɛt̪ˈyː# | *#lɛt̪y# {GOLD: #lɛt̪y#}
632    | #lˌɑkweˈɑːriɑ# | *#lˌɑccʝˈɑrʝɑ# | *#lˌat͡sʲˈie̯rə# | *#lˌasʲjˈerə# | *#lˌasˈerə# | *#lasɛʁ# {GOLD: #lasjɛʁ#}
633    | #lˈɑkweum# | *#lˈɑccʝo# | *#lˈat͡sʲ# | *#lˈasʲ# | *#lˈas# | *#la# {GOLD: #la#}
634    | #lˈɑmin̪ɑm# | *#lˈɑmen̪ɑ# | *#lˈãmə# | *#lˈãmə# | *#lˈãmə# | *#lam# {GOLD: #lam#}
635    | #lˈɑmpɑd̪ɑ# | *#lˈɑmpɑd̪ɑ# | *#lˈãmpəðə# | *#lˈãn̪pəə# | *#lˈãːpə̯# | *#lɑ̃p# {GOLD: #lɑ̃p#}
636    | #lˌɑmprˈeːd̪ɑm# | *#lˌɑmprˈed̪ɑ# | *#lˌãmprˈejðə# | *#lˌãn̪prwˈɛə# | *#lˌãːprwˈɛː# | *#lɑ̃pʁwa# {GOLD: #lɑ̃pʁwa#}
637    | #lˈɑːn̪ɑm# | *#lˈɑn̪ɑ# | *#lˈãj̃n̪ə# | *#lˈɛ̃j̃n̪ə# | *#lˈɛ̃n̪ə# | *#lɛn̪# {GOLD: #lɛn̪#}
638    | #lˈɑn̪d̪ɑm# | *#lˈɑn̪d̪ɑ# | *#lˈãn̪d̪ə# | *#lˈãn̪d̪ə# | *#lˈãːd̪ə# | *#lɑ̃d̪# {GOLD: #lɑ̃d̪#}
639    | #lˈɑn̪eɑ# | *#lˈɑn̪ʝɑ# | *#lˈãɲə# | *#lˈãɲə# | *#lˈãɲə# | *#laɲ# {GOLD: #lɑ̃ʒ#}
640    | #lˈɑn̪keɑm# | *#lˈɑŋcʝɑ# | *#lˈãn̪t͡sʲə# | *#lˈãn̪sʲə# | *#lˈãːsə# | *#lɑ̃s# {GOLD: #lɑ̃s#}
641    | #lˌɑn̪t̪ˈern̪ɑm# | *#lˌɑn̪t̪ˈɛrn̪ɑ# | *#lˌãn̪t̪ˈɛrn̪ə# | *#lˌãn̪t̪ˈɛrn̪ə# | *#lˌãːt̪ˈɛrn̪ə# | *#lɑ̃t̪ɛʁn̪# {GOLD: #lɑ̃t̪ɛʁn̪#}
642    | #lˈɑːrid̪um# | *#lˈɑrd̪o# | *#lˈart̪# | *#lˈart̪# | *#lˈart̪# | *#laʁ# {GOLD: #laʁ#}
643    | #lˈɑssɑm# | *#lˈɑssɑ# | *#lˈasə# | *#lˈaːsə# | *#lˈaːsə# | *#lɑs# {GOLD: #lɑs#}
644    | #lˈɑssum# | *#lˈɑsso# | *#lˈas# | *#lˈaːs# | *#lˈaːs# | *#lɑ# {GOLD: #lɑ#}
645    | #lˈɑt̪iɑm# | *#lˈɑt͡sʲʝɑ# | *#lˈajzə# | *#lˈɛzə# | *#lˈɛzə# | *#lɛz# {GOLD: #lɛz#}
646    | #lˌɑːt̪roːkˈin̪ium# | *#lˌɑt̪rocˈen̪ʝo# | *#lˌaðrət͡sʲˈiɲ# | *#lˌarəsʲˈĩɲ# | *#lˌarsˈẽː# | *#laʁsɛ̃# {GOLD: #laʁsɛ̃#}
647    | #lˌɑt̪rˈoːn̪em# | *#lˌɑt̪rˈon̪ɛ# | *#lˌaðrˈũn̪# | *#lˌarˈũn̪# | *#lˌarˈũː# | *#laʁɔ̃# {GOLD: #laʁɔ̃#}
648    | #lˈɑt̪us# | *#lˈɑt̪os# | *#lˈeːt͡s# | *#lˈes# | *#lˈes# | *#le# {GOLD: #le#}
649    | #lˌɑwd̪ˈɑːre# | *#lˌɑwd̪ˈɑrɛ# | *#lˌɔwðˈeːr# | *#lˌuˈer# | *#lˌuˈer# | *#lwe# {GOLD: #lwe#}
650    | #lˈɑwkkɑm# | *#lˈɑwkkɑ# | *#lˈɔwt͡ʃə# | *#lˈɔʃə# | *#lˈɔʃə# | *#lɔʃ# {GOLD: #lɔʃ#}
651    | #lˌɑwˈɑːre# | *#lˌɑβʷˈɑrɛ# | *#lˌavˈeːr# | *#lˌavˈer# | *#lˌavˈer# | *#lave# {GOLD: #lave#}
652    | #lˌɑwrˈɑːrium# | *#lˌɑwrˈɑrʝo# | *#lˌɔrˈie̯r# | *#lˌɔrjˈer# | *#lˌɔrjˈer# | *#lɔʁje# {GOLD: #lɔʁje#}
653    | #lˈɑːzɑːrum# | *#lˈɑzɑro# | *#lˈazd̪rə# | *#lˈad̪rə# | *#lˈad̪rə# | *#lad̪ʁ# {GOLD: #lad̪ʁ#}
654    | #lˌeːɡˈɑːlem# | *#lˌeɣˈɑlɛ# | *#lˌejˈal# | *#lwˌɛjˈal# | *#lwˌɛjˈal# | *#lwajal# {GOLD: #lwajal#}
655    | #lˌeːɡˈɑːleːs# | *#lˌeɣˈɑles# | *#lˌejˈaɫs# | *#lwˌɛjˈaws# | *#lwˌɛjˈoːs# | *#lwajo# {GOLD: #lwajo#}
656    | #lˈeːɡem# | *#lˈeʝɛ# | *#lˈej# | *#lwˈɛ# | *#lwˈɛ# | *#lwa# {GOLD: #lwa#}
657    | #lˈekt̪um# | *#lˈɛxt̪o# | *#lˈit̪# | *#lˈit̪# | *#lˈit̪# | *#li# {GOLD: #li#}
658    | #lˈen̪d̪it̪em# | *#lˈɛn̪d̪et̪ɛ# | *#lˈɛ̃n̪t̪ə# | *#lˈãn̪t̪ə# | *#lˈãːt̪ə# | *#lɑ̃t̪# {GOLD: #lɑ̃t̪#}
659    | #lˈen̪t̪ɑm# | *#lˈɛn̪t̪ɑ# | *#lˈɛ̃n̪t̪ə# | *#lˈãn̪t̪ə# | *#lˈãːt̪ə# | *#lɑ̃t̪# {GOLD: #lɑ̃t̪#}
660    | #lˈen̪t̪um# | *#lˈɛn̪t̪o# | *#lˈɛ̃n̪t̪# | *#lˈãn̪t̪# | *#lˈãːt̪# | *#lɑ̃# {GOLD: #lɑ̃#}
661    | #lˌeporˈɑːrium# | *#lˌɛpɔrˈɑrʝo# | *#lˌevrˈie̯r# | *#lˌevrjˈer# | *#lˌevrjˈer# | *#levʁije# {GOLD: #levʁije#}
662    | #lˈeporem# | *#lˈɛpɔrɛ# | *#lˈie̯vrə# | *#ljˈevrə# | *#ljˈevrə# | *#ljɛvʁ# {GOLD: #ljɛvʁ#}
663    | #lˈessum# | *#lˈɛsso# | *#lˈɛs# | *#lˈɛːs# | *#lˈɛːs# | *#lɛ# {GOLD: #lɛ#}
664    | #lˈeukɑm# | *#lˈɛokɑ# | *#lˈie̯wə# | *#ljˈøə# | *#ljˈøː# | *#ljø# {GOLD: #ljø#}
665    | #lˌewˈɑːmen̪# | *#lˌɛβʷˈɑmɛ# | *#lˌəvˈãj̃n̪# | *#lˌəvˈɛ̃j̃n̪# | *#lˌəvˈɛ̃ː# | *#ləvɛ̃# {GOLD: #ləvɛ̃#}
666    | #lˌiːbˈellum# | *#lˌiβˈɛllo# | *#lˌivˈɛl# | *#lˌive̯ˈaw# | *#lˌivə̯ˈoː# | *#livo# {GOLD: #n̪ivo#}
667    | #lˈiːbrɑm# | *#lˈiβrɑ# | *#lˈivrə# | *#lˈivrə# | *#lˈivrə# | *#livʁ# {GOLD: #livʁ#}
668    | #lˈiːɡɑm# | *#lˈiɣɑ# | *#lˈiə# | *#lˈiə# | *#lˈiː# | *#li# {GOLD: #li#}
669    | #lˌiɡˈɑːmen̪# | *#lˌeɣˈɑmɛ# | *#lˌejˈie̯n̪# | *#lwˌɛjˈẽn̪# | *#lwˌɛjˈẽː# | *#lwajɛ̃# {GOLD: #ljɛ̃#}
670    | #lˌikˈeːre# | *#lˌecˈerɛ# | *#lˌejzˈir# | *#lwˌɛzˈir# | *#lwˌɛzˈir# | *#lwaziʁ# {GOLD: #lwaziʁ#}
671    | #lˈiːmɑm# | *#lˈimɑ# | *#lˈimə# | *#lˈĩmə# | *#lˈimə# | *#lim# {GOLD: #lim#}
672    | #lˌiːmˈɑːre# | *#lˌimˈɑrɛ# | *#lˌimˈeːr# | *#lˌĩmˈer# | *#lˌimˈer# | *#lime# {GOLD: #lime#}
673    | #lˈiːmit̪em# | *#lˈimet̪ɛ# | *#lˈimt̪ə# | *#lˈĩn̪t̪ə# | *#lˈẽːt̪ə# | *#lɛ̃t̪# {GOLD: #lɛ̃t̪#}
674    | #lˈiːn̪eɑm# | *#lˈin̪ʝɑ# | *#lˈiɲə# | *#lˈĩɲə# | *#lˈiɲə# | *#liɲ# {GOLD: #liɲ#}
675    | #lˌiːn̪eˈɑːt̪ɑm# | *#lˌin̪ʝˈɑt̪ɑ# | *#lˌiɲˈie̯ðə# | *#lˌĩɲjˈeə# | *#lˌiɲˈeː# | *#liɲe# {GOLD: #liɲe#}
676    | #lˈin̪ɡon̪eːs# | *#lˈeŋɡɔn̪es# | *#lˈẽŋɡrəs# | *#lˈãŋɡrəs# | *#lˈãːɡrə# | *#lɑ̃ɡʁ# {GOLD: #lɑ̃ɡʁ#}
677    | #lˌin̪t̪eˈolum# | *#lˌen̪t͡sʲʝˈɔlo# | *#lˌẽj̃n̪t͡sʲˈye̯l# | *#lˌɛ̃j̃n̪sʲˈøl# | *#lˌɛ̃ːsˈøl# | *#lɛ̃sœl# {GOLD: #lɛ̃sœl#}
678    | #lˈiːn̪um# | *#lˈin̪o# | *#lˈin̪# | *#lˈĩn̪# | *#lˈẽː# | *#lɛ̃# {GOLD: #lɛ̃#}
679    | #lˌin̪ɡwˈɑːt̪ikum# | *#lˌeŋɡwˈɑt̪eko# | *#lˌẽŋɡwˈad͡ʒə# | *#lˌãŋɡˈaʒə# | *#lˌãːɡˈaʒə# | *#lɑ̃ɡaʒ# {GOLD: #lɑ̃ɡaʒ#}
680    | #lˈin̪ɡwɑm# | *#lˈeŋɡwɑ# | *#lˈẽŋɡwə# | *#lˈãŋɡə# | *#lˈãːɡə# | *#lɑ̃ɡ# {GOLD: #lɑ̃ɡ#}
681    | #lˈit̪t̪erɑm# | *#lˈet̪t̪ɛrɑ# | *#lˈet̪rə# | *#lˈɛt̪rə# | *#lˈɛt̪rə# | *#lɛt̪ʁ# {GOLD: #lɛt̪ʁ#}
682    | #lˌokˈɑːre# | *#lˌɔkˈɑrɛ# | *#lˌoˈeːr# | *#lˌuˈer# | *#lˌuˈer# | *#lwe# {GOLD: #lwe#}
683    | #lˌokˈɑːrium# | *#lˌɔkˈɑrʝo# | *#lˌojˈie̯r# | *#lwˌɛjˈer# | *#lwˌɛjˈer# | *#lwaje# {GOLD: #lwaje#}
684    | #lˈokum# | *#lˈɔko# | *#lˈye̯w# | *#ljˈø# | *#ljˈø# | *#ljø# {GOLD: #ljø#}
685    | #lˈon̪d̪in̪eːs# | *#lˈɔn̪d̪en̪es# | *#lˈũn̪d̪rəs# | *#lˈũn̪d̪rəs# | *#lˈũːd̪rə# | *#lɔ̃d̪ʁ# {GOLD: #lɔ̃d̪ʁ#}
686    | #lˈon̪ɡeː# | *#lˈɔŋɟe# | *#lˈũj̃ɲ# | *#lwˈĩɲ# | *#lwˈɛ̃ː# | *#lwɛ̃# {GOLD: #lwɛ̃#}
687    | #lˌon̪ɡit̪ˈɑːn̪um# | *#lˌɔŋɟet̪ˈɑn̪o# | *#lˌũj̃n̪t̪ˈãj̃n̪# | *#lwˌĩn̪t̪ˈɛ̃j̃n̪# | *#lwˌɛ̃ːt̪ˈɛ̃ː# | *#lwɛ̃t̪ɛ̃# {GOLD: #lwɛ̃t̪ɛ̃#}
688    | #lˈon̪ɡoːs# | *#lˈɔŋɡos# | *#lˈũn̪s# | *#lˈũn̪s# | *#lˈũːs# | *#lɔ̃# {GOLD: #lɔ̃#}
689    | #lˈon̪ɡum# | *#lˈɔŋɡo# | *#lˈũŋk# | *#lˈũŋk# | *#lˈũːk# | *#lɔ̃# {GOLD: #lɔ̃#}
690    | #lˈot̪t̪ɑm# | *#lˈɔt̪t̪ɑ# | *#lˈɔt̪ə# | *#lˈɔt̪ə# | *#lˈɔt̪ə# | *#lɔt̪# {GOLD: #lɔt̪#}
691    | #lˌuːkˈoːrem# | *#lˌukˈorɛ# | *#lˌyˈowr# | *#lˌyˈør# | *#lˌyˈør# | *#lɥœʁ# {GOLD: #lɥœʁ#}
692    | #lˌuːmin̪ˈɑːriɑm# | *#lˌumen̪ˈɑrʝɑ# | *#lˌymˈie̯rə# | *#lˌỹmjˈerə# | *#lˌymjˈerə# | *#lymjɛʁ# {GOLD: #lymjɛʁ#}
693    | #lˌuːn̪isd̪ˈiːem# | *#lˌun̪esd̪ˈiɛ# | *#lˌyn̪d̪ˈi# | *#lˌỹn̪d̪ˈi# | *#lˌỹːd̪ˈi# | *#lœ̃d̪i# {GOLD: #lœ̃d̪i#}
694    | #lˈuːn̪ɑm# | *#lˈun̪ɑ# | *#lˈyn̪ə# | *#lˈỹn̪ə# | *#lˈyn̪ə# | *#lyn̪# {GOLD: #lyn̪#}
695    | #lˈupɑm# | *#lˈopɑ# | *#lˈuvə# | *#lˈuvə# | *#lˈuvə# | *#luv# {GOLD: #luv#}
696    | #lˌupukˌerwˈɑːrium# | *#lˌopocˌɛrβʷˈɑrʝo# | *#lˌot͡sʲˌɛrvˈie̯r# | *#lˌusʲˌɛrvjˈer# | *#lˌusˌɛrvjˈer# | *#lusɛʁvje# {GOLD: #lusɛʁvje#}
697    | #lˈuskɑm# | *#lˈoskɑ# | *#lˈost͡ʃə# | *#lˈuːʃə# | *#lˈuːʃə# | *#luʃ# {GOLD: #luʃ#}
698    | #mˈɑɡid̪em# | *#mˈɑɡd̪ɛ# | *#mˈajθ# | *#mˈɛ# | *#mˈɛ# | *#mɛ# {GOLD: #mɛ#}
699    | #mˈɑɡis# | *#mˈɑʝes# | *#mˈajs# | *#mˈɛːs# | *#mˈɛːs# | *#mɛ# {GOLD: #mɛ#}
700    | #mˌɑɡˈist̪er# | *#mˌɑʝˈest̪ɛr# | *#mˌajˈist̪rə# | *#mˌajˈiːt̪rə# | *#mˌajˈiːt̪rə# | *#mɛit̪ʁ# {GOLD: #mɛt̪ʁ#}
701    | #mˈɑːjor# | *#mˈɑʝɔr# | *#mˈajrə# | *#mˈɛrə# | *#mˈɛrə# | *#mɛʁ# {GOLD: #mɛʁ#}
702    | #mˈɑːjum# | *#mˈɑʝo# | *#mˈaj# | *#mˈɛ# | *#mˈɛ# | *#mɛ# {GOLD: #mɛ#}
703    | #mˌɑkellˈɑːrium# | *#mˌɑkɛllˈɑrʝo# | *#mˌajlʲˈie̯r# | *#mˌɛljˈer# | *#mˌɛljˈer# | *#mɛlje# {GOLD: #mazlie#}
704    | #mˌɑkiˈoːn̪em# | *#mˌɑccʝˈon̪ɛ# | *#mˌat͡sʲˈũn̪# | *#mˌasʲˈũn̪# | *#mˌasˈũː# | *#masɔ̃# {GOLD: #masɔ̃#}
705    | #mˈɑkulɑm# | *#mˈɑklɑ# | *#mˈaʎə# | *#mˈaʎə# | *#mˈaʎə# | *#mɑj# {GOLD: #mɑj#}
706    | #mˌɑlehˈɑbit̪um# | *#mˌɑlʝˈɑβet̪o# | *#mˌaʎˈie̯d̪ə# | *#mˌaʎjˈed̪ə# | *#mˌaʎˈed̪ə# | *#majɛd̪# {GOLD: #malad̪#}
707    | #mˌɑlefˈɑːt̪ius# | *#mˌɑlɛfˈɑt͡sʲʝos# | *#mˌaɫvˈajt͡sʲ# | *#mˌawvˈɛsʲ# | *#mˌoːvˈɛs# | *#movɛ# {GOLD: #movɛ#}
708    | #mˌɑloːs# | *#mˌɑlos# | *#mˌaɫs# | *#mˌaws# | *#mˌoːs# | *#mo# {GOLD: #mo#}
709    | #mˌɑlum# | *#mˌɑlo# | *#mˌal# | *#mˌal# | *#mˌal# | *#mal# {GOLD: #mal#}
710    | #mˌɑmˈillɑm# | *#mˌɑmˈellɑ# | *#mˌãmˈelə# | *#mˌãmˈɛlə# | *#mˌãmˈɛlə# | *#mamɛl# {GOLD: #mamɛl#}
711    | #mˌɑn̪d̪ˈɑːre# | *#mˌɑn̪d̪ˈɑrɛ# | *#mˌãn̪d̪ˈeːr# | *#mˌãn̪d̪ˈer# | *#mˌãːd̪ˈer# | *#mɑ̃d̪e# {GOLD: #mɑ̃d̪e#}
712    | #mˌɑn̪d̪uːkˈɑːre# | *#mˌɑn̪d̪ekˈɑrɛ# | *#mˌãn̪d͡ʒˈie̯r# | *#mˌãn̪ʒjˈer# | *#mˌãːʒˈer# | *#mɑ̃ʒe# {GOLD: #mɑ̃ʒe#}
713    | #mˈɑn̪ikɑm# | *#mˈɑn̪ekɑ# | *#mˈãn̪t͡ʃə# | *#mˈãn̪ʃə# | *#mˈãːʃə# | *#mɑ̃ʃ# {GOLD: #mɑ̃ʃ#}
714    | #mˌɑːn̪sioːn̪ˈɑːrium# | *#mˌɑsʝon̪ˈɑrʝo# | *#mˌajzn̪ˈie̯r# | *#mˌɛ̃j̃n̪jˈer# | *#mˌɛ̃n̪jˈer# | *#mɛn̪je# {GOLD: #mɛn̪je#}
715    | #mˌɑn̪sioːn̪ˈɑːt̪ɑm# | *#mˌɑsʝon̪ˈɑt̪ɑ# | *#mˌajzn̪ˈie̯ðə# | *#mˌɛ̃j̃n̪jˈeə# | *#mˌɛ̃n̪jˈeː# | *#mɛn̪je# {GOLD: #men̪je#}
716    | #mˌɑn̪siˈoːn̪em# | *#mˌɑsʝˈon̪ɛ# | *#mˌajzˈũn̪# | *#mˌɛzˈũn̪# | *#mˌɛzˈũː# | *#mɛzɔ̃# {GOLD: #mɛzɔ̃#}
717    | #mˌɑːn̪sueːt̪ˈiːn̪um# | *#mˌɑswet̪ˈin̪o# | *#mˌast̪ˈin̪# | *#mˌaːt̪ˈĩn̪# | *#mˌaːt̪ˈẽː# | *#mɑt̪ɛ̃# {GOLD: #mɑt̪ɛ̃#}
718    | #mˌɑn̪sˈuːrɑm# | *#mˌɑn̪sˈurɑ# | *#mˌãn̪sˈyrə# | *#mˌãn̪sˈyrə# | *#mˌãːsˈyrə# | *#mɑ̃syʁ# {GOLD: #mazyʁ#}
719    | #mˌɑn̪t̪ˈellum# | *#mˌɑn̪t̪ˈɛllo# | *#mˌãn̪t̪ˈɛl# | *#mˌãn̪t̪e̯ˈaw# | *#mˌãːt̪ə̯ˈoː# | *#mɑ̃t̪o# {GOLD: #mɑ̃t̪o#}
720    | #mˈɑn̪um# | *#mˈɑn̪o# | *#mˈãj̃n̪# | *#mˈɛ̃j̃n̪# | *#mˈɛ̃ː# | *#mɛ̃# {GOLD: #mɛ̃#}
721    | #mˌɑn̪uˈɑːriɑ# | *#mˌɑn̪wˈɑrʝɑ# | *#mˌãn̪vˈie̯rə# | *#mˌãn̪vjˈerə# | *#mˌãːvjˈerə# | *#mɑ̃vjɛʁ# {GOLD: #manjɛʁ#}
722    | #mˌɑn̪uːˈoperɑ# | *#mˌɑn̪uˈɔpɛrɑ# | *#mˌãn̪ˈye̯vrə# | *#mˌãn̪ˈøvrə# | *#mˌãn̪ˈøvrə# | *#man̪œvʁ# {GOLD: #man̪œvʁ#}
723    | #mˈɑn̪uːs# | *#mˈɑn̪us# | *#mˈãn̪s# | *#mˈãn̪s# | *#mˈãːs# | *#mɑ̃# {GOLD: #mɛ̃#}
724    | #mˈɑppɑm# | *#mˈɑppɑ# | *#mˈapə# | *#mˈapə# | *#mˈapə# | *#map# {GOLD: #n̪ap#}
725    | #mˈɑre# | *#mˈɑrɛ# | *#mˈeːr# | *#mˈer# | *#mˈer# | *#mɛʁ# {GOLD: #mɛʁ#}
726    | #mˈɑrɡulɑ# | *#mˈɑrɡlɑ# | *#mˈarlə# | *#mˈarlə# | *#mˈarlə# | *#maʁl# {GOLD: #maʁl#}
727    | #mˌɑrˈiːt̪um# | *#mˌɑrˈit̪o# | *#mˌarˈiθ# | *#mˌarˈi# | *#mˌarˈi# | *#maʁi# {GOLD: #maʁi#}
728    | #mˈɑrmor# | *#mˈɑrmɔr# | *#mˈarbrə# | *#mˈarbrə# | *#mˈarbrə# | *#maʁbʁ# {GOLD: #maʁbʁ#}
729    | #mˌɑrt̪ˈellum# | *#mˌɑrt̪ˈɛllo# | *#mˌart̪ˈɛl# | *#mˌart̪e̯ˈaw# | *#mˌart̪ə̯ˈoː# | *#maʁt̪o# {GOLD: #maʁt̪o#}
730    | #mˈɑskulum# | *#mˈɑsklo# | *#mˈazlə# | *#mˈaːlə# | *#mˈaːlə# | *#mɑl# {GOLD: #mɑl#}
731    | #mˈɑssɑm# | *#mˈɑssɑ# | *#mˈasə# | *#mˈaːsə# | *#mˈaːsə# | *#mɑs# {GOLD: #mas#}
732    | #mˌɑst̪ikˈɑːre# | *#mˌɑst̪ekˈɑrɛ# | *#mˌast͡ʃˈie̯r# | *#mˌaːʃjˈer# | *#mˌaːʃˈer# | *#mɑʃe# {GOLD: #mɑʃe#}
733    | #mˈɑst̪ikɑt̪# | *#mˈɑst̪ekɑt̪# | *#mˈast͡ʃəθ# | *#mˈaːʃə# | *#mˈaːʃə# | *#mɑʃ# {GOLD: #mɑʃ#}
734    | #mˈɑst̪oːs# | *#mˈɑst̪os# | *#mˈat͡s# | *#mˈas# | *#mˈas# | *#ma# {GOLD: #ma#}
735    | #mˈɑst̪um# | *#mˈɑst̪o# | *#mˈast̪# | *#mˈaːt̪# | *#mˈaːt̪# | *#mɑ# {GOLD: #mɑ#}
736    | #mˌɑt̪eriˈɑːmen̪# | *#mˌɑt̪ɛrʝˈɑmɛ# | *#mˌajðrˈãj̃n̪# | *#mˌɛrˈɛ̃j̃n̪# | *#mˌɛrˈɛ̃ː# | *#mɛʁɛ̃# {GOLD: #mɛʁɛ̃#}
737    | #mˌɑt̪rˈɑst̪rɑ# | *#mˌɑt̪rˈɑst̪rɑ# | *#mˌaðrˈast̪rə# | *#mˌarˈaːt̪rə# | *#mˌarˈaːt̪rə# | *#maʁɑt̪ʁ# {GOLD: #maʁɑt̪ʁ#}
738    | #mˈɑt̪rem# | *#mˈɑt̪rɛ# | *#mˈeːðrə# | *#mˈerə# | *#mˈerə# | *#mɛʁ# {GOLD: #mɛʁ#}
739    | #mˌɑːt̪rikulˈɑːrium# | *#mˌɑt̪rekolˈɑrʝo# | *#mˌaðrəɡiʎˈie̯r# | *#mˌarəɡiʎjˈer# | *#mˌarəɡiʎˈer# | *#maʁəɡije# {GOLD: #maʁɡije#}
740    | #mˈɑt̪t̪eɑm# | *#mˈɑt̪t͡sʲʝɑ# | *#mˈat͡sʲə# | *#mˈasʲə# | *#mˈasə# | *#mas# {GOLD: #mas#}
741    | #mˈɑt̪t̪eˈuːkɑm# | *#mˈɑt̪t͡sʲʝˈukɑ# | *#mˈat͡sʲˈyə# | *#mˈasʲˈyə# | *#mˈasˈyː# | *#masy# {GOLD: #masy#}
742    | #mˌɑːt̪ˈuːrɑm# | *#mˌɑt̪ˈurɑ# | *#mˌaðˈyrə# | *#mˌəˈyrə# | *#mə̯ˈyrə# | *#myʁ# {GOLD: #myʁ#}
743    | #mˌɑːt̪ˈuːrum# | *#mˌɑt̪ˈuro# | *#mˌaðˈyr# | *#mˌəˈyr# | *#mə̯ˈyr# | *#myʁ# {GOLD: #myʁ#}
744    | #mˌɑːt̪uːt̪ˈiːn̪um# | *#mˌɑt̪et̪ˈin̪o# | *#mˌat̪ˈin̪# | *#mˌat̪ˈĩn̪# | *#mˌat̪ˈẽː# | *#mat̪ɛ̃# {GOLD: #mat̪ɛ̃#}
745    | #meˌɑm# | *#mʝˌɑ# | *#mˌa# | *#mˌa# | *#mˌa# | *#ma# {GOLD: #ma#}
746    | #meɑːs# | *#mʝɑs# | *#mas# | *#mas# | *#mas# | *#ma# {GOLD: #me#}
747    | #meoːs# | *#mʝos# | *#mes# | *#mes# | *#mes# | *#me# {GOLD: #me#}
748    | #mˈeː# | *#mˈe# | *#mˈoj# | *#mwˈɛ# | *#mwˈɛ# | *#mwa# {GOLD: #mwa#}
749    | #mˈeum# | *#mˈɛo# | *#mˈie̯w# | *#mjˈø# | *#mjˈø# | *#mjø# {GOLD: #mjɛ̃#}
750    | #meˌum# | *#mʝˌom# | *#mˌũn̪# | *#mˌũn̪# | *#mˌũː# | *#mɔ̃# {GOLD: #mɔ̃#}
751    | #mˌed̪ˈɑːliɑ# | *#mˌɛd̪ˈɑlʝɑ# | *#mˌəðˈaʎə# | *#mˌəˈaʎə# | *#mˈaːʎə# | *#mɑj# {GOLD: #mɑj#}
752    | #mˌed̪iˈɑːn̪ɑm# | *#mˌɛʝʝˈɑn̪ɑ# | *#mˌejˈie̯n̪ə# | *#mwˌɛjˈẽn̪ə# | *#mwˌɛjˈẽn̪ə# | *#mwajɛn̪# {GOLD: #mwajɛn̪#}
753    | #mˌed̪iˈɑːn̪um# | *#mˌɛʝʝˈɑn̪o# | *#mˌejˈie̯n̪# | *#mwˌɛjˈẽn̪# | *#mwˌɛjˈẽː# | *#mwajɛ̃# {GOLD: #mwajɛ̃#}
754    | #mˌed̪iet̪ˈɑːt̪em# | *#mˌɛʝʝɛt̪ˈɑt̪ɛ# | *#mˌejt̪ˈeːθ# | *#mwˌɛt̪ˈe# | *#mwˌɛt̪ˈe# | *#mwat̪e# {GOLD: #mwat̪je#}
755    | #mˌed̪ikiːn̪ˈɑːlem# | *#mˌɛd̪ecin̪ˈɑlɛ# | *#mˈie̯t͡sʲin̪ˈie̯l# | *#mjˈesʲĩn̪jˈel# | *#mjˈesin̪jˈel# | *#mjesin̪jɛl# {GOLD: #mesin̪ɛl#}
756    | #mˈed̪ium# | *#mˈɛʝʝo# | *#mˈi# | *#mˈi# | *#mˈi# | *#mi# {GOLD: #mi#}
757    | #mˌed̪ˈullɑm# | *#mˌɛd̪ˈollɑ# | *#mˌəðˈolə# | *#mˌəˈulə# | *#mə̯ˈulə# | *#mul# {GOLD: #mwal#}
758    | #mˈel# | *#mˈɛl# | *#mˈie̯l# | *#mjˈel# | *#mjˈel# | *#mjɛl# {GOLD: #mjɛl#}
759    | #mˌeliˈoːrem# | *#mˌɛlʝˈorɛ# | *#mˌeʎˈowr# | *#mˌɛʎˈør# | *#mˌɛʎˈør# | *#mɛjœʁ# {GOLD: #mɛjœʁ#}
760    | #mˈelius# | *#mˈɛlʝos# | *#mˈie̯ɫt͡sʲ# | *#mjˈøsʲ# | *#mjˈøs# | *#mjø# {GOLD: #mjø#}
761    | #mˈembrum# | *#mˈɛmbro# | *#mˈɛ̃mbrə# | *#mˈãn̪brə# | *#mˈãːbrə# | *#mɑ̃bʁ# {GOLD: #mɑ̃bʁ#}
762    | #mˈeːn̪sɑm# | *#mˈesɑ# | *#mˈojzə# | *#mwˈɛzə# | *#mwˈɛzə# | *#mwaz# {GOLD: #mwaz#}
763    | #mˈen̪sem# | *#mˈesɛ# | *#mˈojs# | *#mwˈɛːs# | *#mwˈɛːs# | *#mwa# {GOLD: #mwa#}
764    | #mˌeːn̪sˈuːrɑm# | *#mˌesˈurɑ# | *#mˌəzˈyrə# | *#mˌəzˈyrə# | *#mˌəzˈyrə# | *#məzyʁ# {GOLD: #məzyʁ#}
765    | #mˌen̪t̪iˈoːn̪ikɑm# | *#mˌɛn̪t͡sʲʝˈon̪ekɑ# | *#mˌẽn̪t͡sʲˈũn̪d͡ʒə# | *#mˌãn̪sʲˈũn̪ʒə# | *#mˌãːsˈũːʒə# | *#mɑ̃sɔ̃ʒ# {GOLD: #mɑ̃sɔ̃ʒ#}
766    | #mˌen̪t̪it̪ˈoːrem# | *#mˌɛn̪t̪et̪ˈorɛ# | *#mˌẽn̪t̪ˈowr# | *#mˌãn̪t̪ˈør# | *#mˌãːt̪ˈør# | *#mɑ̃t̪œʁ# {GOLD: #mɑ̃t̪œʁ#}
767    | #mˌerkɑt̪ˈɑn̪t̪em# | *#mˌɛrkɑt̪ˈɑn̪t̪ɛ# | *#mˌɛrt͡ʃəðˈãn̪t̪# | *#mˌarʃəˈãn̪t̪# | *#mˌarʃə̯ˈãːt̪# | *#maʁʃɑ̃# {GOLD: #maʁʃɑ̃#}
768    | #mˌerkˈɑːt̪um# | *#mˌɛrkˈɑt̪o# | *#mˌɛrt͡ʃˈie̯θ# | *#mˌarʃjˈe# | *#mˌarʃˈe# | *#maʁʃe# {GOLD: #maʁʃe#}
769    | #mˌerkˈeːd̪em# | *#mˌɛrcˈed̪ɛ# | *#mˌɛrt͡sʲˈiθ# | *#mˌɛrsʲˈi# | *#mˌɛrsˈi# | *#mɛʁsi# {GOLD: #mɛʁsi#}
770    | #mˌerkeːn̪ˈɑːrium# | *#mˌɛrcen̪ˈɑrʝo# | *#mˌɛrt͡sʲən̪ˈie̯r# | *#mˌɛrsʲən̪jˈer# | *#mˌɛrsən̪jˈer# | *#mɛʁsən̪je# {GOLD: #mɛʁsən̪je#}
771    | #mˌessiˈoːn̪em# | *#mˌessʝˈon̪ɛ# | *#mˌejsˈũn̪# | *#mwˌɛsˈũn̪# | *#mwˌɛsˈũː# | *#mwasɔ̃# {GOLD: #mwasɔ̃#}
772    | #mˌet̪ˈipsimum# | *#mˌɛt̪ˈepsemo# | *#mˌəðˈezmə# | *#mˌəˈẽːmə# | *#mə̯ˈẽːmə# | *#mɛm# {GOLD: #mɛm#}
773    | #mˈiːlle# | *#mˈillɛ# | *#mˈil# | *#mˈil# | *#mˈil# | *#mil# {GOLD: #mil#}
774    | #mˈiːkɑm# | *#mˈikɑ# | *#mˈiə# | *#mˈiə# | *#mˈiː# | *#mi# {GOLD: #mi#}
775    | #mˈikkɑm# | *#mˈekkɑ# | *#mˈet͡ʃə# | *#mˈɛʃə# | *#mˈɛʃə# | *#mɛʃ# {GOLD: #mɛʃ#}
776    | #mˌin̪ˈɑːkiɑ# | *#mˌen̪ˈɑccʝɑ# | *#mˌən̪ˈat͡sʲə# | *#mˌən̪ˈasʲə# | *#mˌən̪ˈasə# | *#mən̪as# {GOLD: #mən̪as#}
777    | #mˌin̪uːt̪iˈɑːre# | *#mˌen̪et͡sʲʝˈɑrɛ# | *#mˌẽj̃n̪t͡sʲˈie̯r# | *#mˌɛ̃j̃n̪sʲjˈer# | *#mˌɛ̃ːsˈer# | *#mɛ̃se# {GOLD: #mɛ̃se#}
778    | #mˈiːn̪ɑm# | *#mˈin̪ɑ# | *#mˈin̪ə# | *#mˈĩn̪ə# | *#mˈin̪ə# | *#min̪# {GOLD: #min̪#}
779    | #mˌin̪ˈɑːri# | *#mˌen̪ˈɑre# | *#mˌən̪ˈeːr# | *#mˌən̪ˈer# | *#mˌən̪ˈer# | *#mən̪e# {GOLD: #mən̪e#}
780    | #mˈin̪or# | *#mˈen̪ɔr# | *#mˈojn̪d̪rə# | *#mwˈĩn̪d̪rə# | *#mwˈɛ̃ːd̪rə# | *#mwɛ̃d̪ʁ# {GOLD: #mwɛ̃d̪ʁ#}
781    | #mˈin̪us# | *#mˈen̪os# | *#mˈẽn̪s# | *#mˈãn̪s# | *#mˈãːs# | *#mɑ̃# {GOLD: #mwɛ̃#}
782    | #mˌin̪uːt̪iˈɑːre# | *#mˌen̪et͡sʲʝˈɑrɛ# | *#mˌẽj̃n̪t͡sʲˈie̯r# | *#mˌɛ̃j̃n̪sʲjˈer# | *#mˌɛ̃ːsˈer# | *#mɛ̃se# {GOLD: #mɛ̃se#}
783    | #mˌiskulˈɑːre# | *#mˌeskolˈɑrɛ# | *#mˌezlˈeːr# | *#mˌelˈer# | *#mˌelˈer# | *#mɛle# {GOLD: #mɛle#}
784    | #mˈissɑm# | *#mˈessɑ# | *#mˈesə# | *#mˈɛːsə# | *#mˈɛːsə# | *#mɛs# {GOLD: #mɛs#}
785    | #mˈissum# | *#mˈesso# | *#mˈes# | *#mˈɛːs# | *#mˈɛːs# | *#mɛ# {GOLD: #mɛ#}
786    | #mˈoːbilem# | *#mˈoβelɛ# | *#mˈowblə# | *#mˈøblə# | *#mˈøblə# | *#mœbl# {GOLD: #mœbl#}
787    | #mˌod̪iˈolum# | *#mˌɔʝʝˈɔlo# | *#mˌojˈye̯l# | *#mwˌɛjˈøl# | *#mwˌɛjˈøl# | *#mwajœl# {GOLD: #mwajø#}
788    | #mˈod̪ulum# | *#mˈɔd̪lo# | *#mˈɔɫl# | *#mˈulə# | *#mˈulə# | *#mul# {GOLD: #mul#}
789    | #mˈolɑm# | *#mˈɔlɑ# | *#mˈye̯lə# | *#mˈølə# | *#mˈølə# | *#mœl# {GOLD: #møl#}
790    | #mˌoliːn̪ˈɑːrium# | *#mˌɔlin̪ˈɑrʝo# | *#mˌɔɫn̪ˈie̯r# | *#mˌũn̪jˈer# | *#mˌũn̪jˈer# | *#mɔn̪je# {GOLD: #møn̪je#}
791    | #mˌolˈiːn̪um# | *#mˌɔlˈin̪o# | *#mˌolˈin̪# | *#mˌulˈĩn̪# | *#mˌulˈẽː# | *#mulɛ̃# {GOLD: #mulɛ̃#}
792    | #mˌolit̪ˈuːrɑm# | *#mˌɔlet̪ˈurɑ# | *#mˌɔɫt̪ˈyrə# | *#mˌut̪ˈyrə# | *#mˌut̪ˈyrə# | *#mut̪yʁ# {GOLD: #mut̪yʁ#}
793    | #mˈollem# | *#mˈɔllɛ# | *#mˈɔl# | *#mˈu# | *#mˈu# | *#mu# {GOLD: #mu#}
794    | #mˈolliːs# | *#mˈɔllis# | *#mˈɔɫs# | *#mˈuːs# | *#mˈuːs# | *#mu# {GOLD: #mu#}
795    | #mˌolliˈɑːre# | *#mˌɔllʝˈɑrɛ# | *#mˌoʎˈie̯r# | *#mˌuʎjˈer# | *#mˌuʎˈer# | *#muje# {GOLD: #muje#}
796    | #mˌon̪ˈeːt̪ɑm# | *#mˌɔn̪ˈet̪ɑ# | *#mˌũn̪ˈejðə# | *#mˌũn̪ˈajə# | *#mˌũn̪ˈɛː# | *#mɔn̪ɛ# {GOLD: #mɔn̪ɛ#}
797    | #mˌon̪t̪ˈɑːn̪eɑm# | *#mˌɔn̪t̪ˈɑn̪ʝɑ# | *#mˌũn̪t̪ˈãɲə# | *#mˌũn̪t̪ˈãɲə# | *#mˌũːt̪ˈãɲə# | *#mɔ̃t̪aɲ# {GOLD: #mɔ̃t̪aɲ#}
798    | #mˈon̪t̪em# | *#mˈɔn̪t̪ɛ# | *#mˈũn̪t̪# | *#mˈũn̪t̪# | *#mˈũːt̪# | *#mɔ̃# {GOLD: #mɔ̃#}
799    | #mˌon̪t̪ikˈellum# | *#mˌɔn̪t̪ecˈɛllo# | *#mˌũn̪t͡sʲˈɛl# | *#mˌũn̪sʲe̯ˈaw# | *#mˌũːsə̯ˈoː# | *#mɔ̃so# {GOLD: #mɔ̃so#}
800    | #mˈoːreːs# | *#mˈores# | *#mˈors# | *#mˈurs# | *#mˈurs# | *#muʁ# {GOLD: #mœʁ#}
801    | #mˌorˈiːri# | *#mˌɔrˈire# | *#mˌorˈir# | *#mˌurˈir# | *#mˌurˈir# | *#muʁiʁ# {GOLD: #muʁiʁ#}
802    | #mˈord̪ere# | *#mˈɔrd̪ɛrɛ# | *#mˈɔrd̪rə# | *#mˈɔrd̪rə# | *#mˈɔrd̪rə# | *#mɔʁd̪ʁ# {GOLD: #mɔʁd̪ʁ#}
803    | #mˈorsum# | *#mˈɔrso# | *#mˈɔrs# | *#mˈɔrs# | *#mˈɔrs# | *#mɔʁ# {GOLD: #mɔʁ#}
804    | #mˌort̪ɑːriˈolus# | *#mˌɔrt̪ɑrʝˈɔlos# | *#mˌɔrt̪ejrˈye̯ɫs# | *#mˌɔrt̪wɛrjˈøːs# | *#mˌɔrt̪wɛrjˈøːs# | *#mɔʁt̪waʁjø# {GOLD: #mɔʁt̪ʁijø#}
805    | #mˌort̪ˈɑːrium# | *#mˌɔrt̪ˈɑrʝo# | *#mˌɔrt̪ˈie̯r# | *#mˌɔrt̪jˈer# | *#mˌɔrt̪jˈer# | *#mɔʁt̪je# {GOLD: #mɔʁt̪je#}
806    | #mˈort̪em# | *#mˈɔrt̪ɛ# | *#mˈɔrt̪# | *#mˈɔrt̪# | *#mˈɔrt̪# | *#mɔʁ# {GOLD: #mɔʁ#}
807    | #mˈowit̪ɑm# | *#mˈɔβʷet̪ɑ# | *#mˈɔt̪ə# | *#mˈɔt̪ə# | *#mˈɔt̪ə# | *#mɔt̪# {GOLD: #møt̪#}
808    | #mˈuffulɑm# | *#mˈoffolɑ# | *#mˈoflə# | *#mˈuflə# | *#mˈuflə# | *#mufl# {GOLD: #mufl#}
809    | #mˈukkid̪um# | *#mˈocced̪o# | *#mˈojt̪ə# | *#mwˈɛt̪ə# | *#mwˈɛt̪ə# | *#mwat̪# {GOLD: #mwat̪#}
810    | #mˈuːlɑm# | *#mˈulɑ# | *#mˈylə# | *#mˈylə# | *#mˈylə# | *#myl# {GOLD: #myl#}
811    | #mˌult̪ˈoːn̪em# | *#mˌoɫt̪ˈon̪ɛ# | *#mˌoɫt̪ˈũn̪# | *#mˌut̪ˈũn̪# | *#mˌut̪ˈũː# | *#mut̪ɔ̃# {GOLD: #mut̪ɔ̃#}
812    | #mˈult̪um# | *#mˈoɫt̪o# | *#mˈoɫt̪# | *#mˈut̪# | *#mˈut̪# | *#mu# {GOLD: #mult̪#}
813    | #mˌuːrˈɑːliɑ# | *#mˌurˈɑlʝɑ# | *#mˌyrˈaʎə# | *#mˌyrˈaʎə# | *#mˌyrˈaʎə# | *#myʁɑj# {GOLD: #myʁɑj#}
814    | #mˌuːrikˈɑːrium# | *#mˌurekˈɑrʝo# | *#mˌyrd͡ʒˈie̯r# | *#mˌyrʒjˈer# | *#mˌyrʒˈer# | *#myʁʒe# {GOLD: #myʁʒije#}
815    | #mˈuːrum# | *#mˈuro# | *#mˈyr# | *#mˈyr# | *#mˈyr# | *#myʁ# {GOLD: #myʁ#}
816    | #mˈuskɑm# | *#mˈoskɑ# | *#mˈost͡ʃə# | *#mˈuːʃə# | *#mˈuːʃə# | *#muʃ# {GOLD: #muʃ#}
817    | #mˈuskulum# | *#mˈosklo# | *#mˈozlə# | *#mˈuːlə# | *#mˈuːlə# | *#mul# {GOLD: #mul#}
818    | #mˈust̪um# | *#mˈost̪o# | *#mˈost̪# | *#mˈuːt̪# | *#mˈuːt̪# | *#mu# {GOLD: #mu#}
819    | #mˈut̪t̪um# | *#mˈot̪t̪o# | *#mˈot̪# | *#mˈɔt̪# | *#mˈɔt̪# | *#mo# {GOLD: #mo#}
820    | #n̪ˈɑːn̪ɑm# | *#n̪ˈɑn̪ɑ# | *#n̪ˈãj̃n̪ə# | *#n̪ˈɛ̃j̃n̪ə# | *#n̪ˈɛ̃n̪ə# | *#n̪ɛn̪# {GOLD: #n̪ɛn̪#}
821    | #n̪ˈɑːn̪um# | *#n̪ˈɑn̪o# | *#n̪ˈãj̃n̪# | *#n̪ˈɛ̃j̃n̪# | *#n̪ˈɛ̃ː# | *#n̪ɛ̃# {GOLD: #n̪ɛ̃#}
822    | #n̪ˈɑːskere# | *#n̪ˈɑscɛrɛ# | *#n̪ˈajst̪rə# | *#n̪ˈɛːt̪rə# | *#n̪ˈɛːt̪rə# | *#n̪ɛt̪ʁ# {GOLD: #n̪ɛt̪ʁ#}
823    | #n̪ˈɑssɑm# | *#n̪ˈɑssɑ# | *#n̪ˈasə# | *#n̪ˈaːsə# | *#n̪ˈaːsə# | *#n̪ɑs# {GOLD: #n̪ɑs#}
824    | #n̪ˈɑːsum# | *#n̪ˈɑso# | *#n̪ˈeːs# | *#n̪ˈeːs# | *#n̪ˈeːs# | *#n̪e# {GOLD: #n̪e#}
825    | #n̪ˌɑːt̪ˈɑːlem# | *#n̪ˌɑt̪ˈɑlɛ# | *#n̪ˌaðˈeːl# | *#n̪ˌaˈel# | *#n̪ˌaˈel# | *#n̪aɛl# {GOLD: #n̪ɔɛl#}
826    | #n̪ˌɑːt̪ˈiːwɑm# | *#n̪ˌɑt̪ˈiβʷɑ# | *#n̪ˌaðˈivə# | *#n̪ˌaˈivə# | *#n̪ˌaˈivə# | *#n̪aiv# {GOLD: #n̪aiv#}
827    | #n̪ˌɑːt̪ˈiːwum# | *#n̪ˌɑt̪ˈiβʷo# | *#n̪ˌaðˈif# | *#n̪ˌaˈif# | *#n̪ˌaˈif# | *#n̪aif# {GOLD: #n̪aif#}
828    | #n̪ˈɑwd̪ɑm# | *#n̪ˈɑwd̪ɑ# | *#n̪ˈɔwðə# | *#n̪ˈuə# | *#n̪ˈuː# | *#n̪u# {GOLD: #n̪u#}
829    | #n̪ˈɑːwem# | *#n̪ˈɑβʷɛ# | *#n̪ˈeːf# | *#n̪ˈef# | *#n̪ˈef# | *#n̪ɛf# {GOLD: #n̪ɛf#}
830    | #n̪ˈɑwikɑm# | *#n̪ˈɑwkɑ# | *#n̪ˈɔwə# | *#n̪ˈuə# | *#n̪ˈuː# | *#n̪u# {GOLD: #n̪u#}
831    | #n̪ˌɑwikˈellɑm# | *#n̪ˌɑwcˈɛllɑ# | *#n̪ˌɔjzˈɛlə# | *#n̪wˌɛzˈɛlə# | *#n̪wˌɛzˈɛlə# | *#n̪wazɛl# {GOLD: #n̪asɛl#}
832    | #n̪ˈɑwseɑm# | *#n̪ˈɑwsʝɑ# | *#n̪ˈɔjzə# | *#n̪wˈɛzə# | *#n̪wˈɛzə# | *#n̪waz# {GOLD: #n̪waz#}
833    | #n̪ˈek# | *#n̪ˈɛk# | *#n̪ˈi# | *#n̪ˈi# | *#n̪ˈi# | *#n̪i# {GOLD: #n̪i#}
834    | #n̪ˌepˈoːt̪em# | *#n̪ˌɛpˈot̪ɛ# | *#n̪ˌəvˈowθ# | *#n̪ˌəvˈø# | *#n̪ˌəvˈø# | *#n̪əvø# {GOLD: #n̪əvø#}
835    | #n̪ˈept̪iɑm# | *#n̪ˈɛpt͡sʲʝɑ# | *#n̪ˈie̯t͡sʲə# | *#n̪jˈesʲə# | *#n̪jˈesə# | *#n̪jɛs# {GOLD: #n̪jɛs#}
836    | #n̪ˌept̪ˈuːn̪um# | *#n̪ˌɛpt̪ˈun̪o# | *#n̪ˌət̪ˈyn̪# | *#n̪ˌət̪ˈỹn̪# | *#n̪ˌət̪ˈỹː# | *#n̪ət̪œ̃# {GOLD: #lyt̪ɛ̃#}
837    | #n̪ˈerwum# | *#n̪ˈɛrβʷo# | *#n̪ˈɛrf# | *#n̪ˈɛrf# | *#n̪ˈɛrf# | *#n̪ɛʁf# {GOLD: #n̪ɛʁf#}
838    | #n̪ˈiːd̪um# | *#n̪ˈid̪o# | *#n̪ˈiθ# | *#n̪ˈi# | *#n̪ˈi# | *#n̪i# {GOLD: #n̪i#}
839    | #n̪ˈiɡrum# | *#n̪ˈeɣro# | *#n̪ˈejr# | *#n̪wˈɛr# | *#n̪wˈɛr# | *#n̪waʁ# {GOLD: #n̪waʁ#}
840    | #n̪ˈit̪id̪ɑm# | *#n̪ˈet̪ed̪ɑ# | *#n̪ˈet̪ə# | *#n̪ˈɛt̪ə# | *#n̪ˈɛt̪ə# | *#n̪ɛt̪# {GOLD: #n̪ɛt̪#}
841    | #n̪ˈit̪id̪um# | *#n̪ˈet̪ed̪o# | *#n̪ˈet̪# | *#n̪ˈet̪# | *#n̪ˈet̪# | *#n̪e# {GOLD: #n̪ɛt̪#}
842    | #n̪ˌoːd̪ˈɑːre# | *#n̪ˌod̪ˈɑrɛ# | *#n̪ˌoðˈeːr# | *#n̪ˌuˈer# | *#n̪ˌuˈer# | *#n̪we# {GOLD: #n̪we#}
843    | #n̪ˌoːd̪ˈoːsoːs# | *#n̪ˌod̪ˈosos# | *#n̪ˌoðˈows# | *#n̪ˌuˈøːs# | *#n̪ˌuˈøːs# | *#n̪wø# {GOLD: #n̪wø#}
844    | #n̪ˈoːd̪um# | *#n̪ˈod̪o# | *#n̪ˈowθ# | *#n̪ˈø# | *#n̪ˈø# | *#n̪ø# {GOLD: #n̪ø#}
845    | #n̪ˈokt̪em# | *#n̪ˈɔxt̪ɛ# | *#n̪ˈyjt̪# | *#n̪ɥˈit̪# | *#n̪ɥˈit̪# | *#n̪ɥi# {GOLD: #n̪ɥi#}
846    | #n̪ˈoːmen̪# | *#n̪ˈomɛ# | *#n̪ˈũn̪# | *#n̪ˈũn̪# | *#n̪ˈũː# | *#n̪ɔ̃# {GOLD: #n̪ɔ̃#}
847    | #n̪ˈoːn̪# | *#n̪ˈon̪# | *#n̪ˈũn̪# | *#n̪ˈũn̪# | *#n̪ˈũː# | *#n̪ɔ̃# {GOLD: #n̪ɔ̃#}
848    | #n̪oːn̪# | *#n̪o# | *#n̪ə# | *#n̪ə# | *#n̪ə# | *#n̪ə# {GOLD: #n̪ə#}
849    | #n̪ˌoːn̪ˈɑːn̪t̪ɑ# | *#n̪ˌon̪ˈɑn̪t̪ɑ# | *#n̪ˌũn̪ˈãn̪t̪ə# | *#n̪ˌũn̪ˈãn̪t̪ə# | *#n̪ˌũn̪ˈãːt̪ə# | *#n̪ɔn̪ɑ̃t̪# {GOLD: #n̪on̪ɑ̃t̪#}
850    | #n̪ˈon̪n̪ɑm# | *#n̪ˈɔn̪n̪ɑ# | *#n̪ˈũn̪ə# | *#n̪ˈũn̪ə# | *#n̪ˈũn̪ə# | *#n̪ɔn̪# {GOLD: #n̪ɔn̪#}
851    | #n̪ˈopt̪iɑm# | *#n̪ˈɔpt͡sʲʝɑ# | *#n̪ˈɔt͡sʲə# | *#n̪ˈɔsʲə# | *#n̪ˈɔsə# | *#n̪ɔs# {GOLD: #n̪ɔs#}
852    | #n̪ˌoːs# | *#n̪ˌos# | *#n̪ˌos# | *#n̪ˌus# | *#n̪ˌus# | *#n̪u# {GOLD: #n̪u#}
853    | #n̪ˈost̪rɑm# | *#n̪ˈɔst̪rɑ# | *#n̪ˈɔst̪rə# | *#n̪ˈɔːt̪rə# | *#n̪ˈɔt̪rə# | *#n̪ɔt̪ʁ# {GOLD: #n̪ɔt̪ʁ#}
854    | #n̪ˈost̪rum# | *#n̪ˈɔst̪ro# | *#n̪ˈɔst̪rə# | *#n̪ˈɔːt̪rə# | *#n̪ˈɔt̪rə# | *#n̪ɔt̪ʁ# {GOLD: #n̪ɔt̪ʁ#}
855    | #n̪ˌowˈellɑm# | *#n̪ˌɔβʷˈɛllɑ# | *#n̪ˌovˈɛlə# | *#n̪ˌuvˈɛlə# | *#n̪ˌuvˈɛlə# | *#n̪uvɛl# {GOLD: #n̪uvɛl#}
856    | #n̪ˌowˈellum# | *#n̪ˌɔβʷˈɛllo# | *#n̪ˌovˈɛl# | *#n̪ˌuve̯ˈaw# | *#n̪ˌuvə̯ˈoː# | *#n̪uvo# {GOLD: #n̪uvo#}
857    | #n̪ˈowem# | *#n̪ˈɔβʷɛ# | *#n̪ˈye̯f# | *#n̪ˈøf# | *#n̪ˈøf# | *#n̪œf# {GOLD: #n̪œf#}
858    | #n̪ˈuːbɑm# | *#n̪ˈuβɑ# | *#n̪ˈyə# | *#n̪ˈyə# | *#n̪ˈyː# | *#n̪y# {GOLD: #n̪y#}
859    | #n̪ˈuːd̪ɑm# | *#n̪ˈud̪ɑ# | *#n̪ˈyðə# | *#n̪ˈyə# | *#n̪ˈyː# | *#n̪y# {GOLD: #n̪y#}
860    | #n̪ˈuːd̪um# | *#n̪ˈud̪o# | *#n̪ˈyθ# | *#n̪ˈy# | *#n̪ˈy# | *#n̪y# {GOLD: #n̪y#}
861    | #n̪ˈukem# | *#n̪ˈocɛ# | *#n̪ˈojt͡sʲ# | *#n̪wˈɛsʲ# | *#n̪wˈɛs# | *#n̪wa# {GOLD: #n̪wa#}
862    | #n̪ˈuːllɑm# | *#n̪ˈullɑ# | *#n̪ˈylə# | *#n̪ˈylə# | *#n̪ˈylə# | *#n̪yl# {GOLD: #n̪yl#}
863    | #n̪ˈuːllɑːs# | *#n̪ˈullɑs# | *#n̪ˈyləs# | *#n̪ˈyləs# | *#n̪ˈylə# | *#n̪yl# {GOLD: #n̪yl#}
864    | #n̪ˈuːlloːs# | *#n̪ˈullos# | *#n̪ˈyɫs# | *#n̪ˈyːs# | *#n̪ˈyːs# | *#n̪y# {GOLD: #n̪y#}
865    | #n̪ˈuːllum# | *#n̪ˈullo# | *#n̪ˈyl# | *#n̪ˈyl# | *#n̪ˈyl# | *#n̪yl# {GOLD: #n̪yl#}
866    | #n̪ˈumerum# | *#n̪ˈomɛro# | *#n̪ˈũmbrə# | *#n̪ˈũn̪brə# | *#n̪ˈũːbrə# | *#n̪ɔ̃bʁ# {GOLD: #n̪ɔ̃bʁ#}
867    | #n̪ˌut̪rˈiːkiɑ# | *#n̪ˌot̪rˈiccʝɑ# | *#n̪ˌoðrˈit͡sʲə# | *#n̪ˌurˈisʲə# | *#n̪ˌurˈisə# | *#n̪uʁis# {GOLD: #n̪uʁis#}
868    | #n̪ˌut̪rˈiːt̪iˈoːn̪em# | *#n̪ˌot̪rˈit͡sʲʝˈon̪ɛ# | *#n̪ˌoðrˈizˈũn̪# | *#n̪ˌurˈizˈũn̪# | *#n̪ˌurˈizˈũː# | *#n̪uʁizɔ̃# {GOLD: #n̪uʁisɔ̃#}
869    | #ˌoblˈiːkwum# | *#ˌɔβlˈiko# | *#ˌoblˈi# | *#ˌublˈi# | *#ˌublˈi# | *#ubli# {GOLD: #bəlif#}
870    | #ˌoblˌiːt̪ˈɑːre# | *#ˌɔβlˌit̪ˈɑrɛ# | *#ˌoblˌiðˈeːr# | *#ˌublˌiˈer# | *#ˌublˌiˈer# | *#ublje# {GOLD: #ublije#}
871    | #ˌossifrˈɑːɡɑm# | *#ˌɔssefrˈɑɣɑ# | *#ˌɔzfrˈajə# | *#ˌɔfrˈajə# | *#ˌɔfrˈɛː# | *#ɔfʁɛ# {GOLD: #ɔʁfʁɛ#}
872    | #ˈost̪reɑ# | *#ˈɔst̪rʝɑ# | *#ˈyjst̪rə# | *#ɥˈiːt̪rə# | *#ɥˈiːt̪rə# | *#ɥit̪ʁ# {GOLD: #ɥit̪ʁ#}
873    | #ˈokt̪oː# | *#ˈɔxt̪o# | *#ˈyjt̪# | *#ɥˈit̪# | *#ɥˈit̪# | *#ɥit̪# {GOLD: #ɥit̪#}
874    | #ˈokuloːs# | *#ˈɔklos# | *#ˈye̯ɫt͡sʲ# | *#jˈøsʲ# | *#jˈøs# | *#jø# {GOLD: #jø#}
875    | #ˈokulum# | *#ˈɔklo# | *#ˈye̯ʎ# | *#ˈøʎ# | *#ˈøʎ# | *#œj# {GOLD: #œj#}
876    | #ˈoperɑ# | *#ˈɔpɛrɑ# | *#ˈye̯vrə# | *#ˈøvrə# | *#ˈøvrə# | *#œvʁ# {GOLD: #œvʁ#}
877    | #ˌoperˈɑːrium# | *#ˌɔpɛrˈɑrʝo# | *#ˌovrˈie̯r# | *#ˌuvrjˈer# | *#ˌuvrjˈer# | *#uvʁije# {GOLD: #uvʁije#}
878    | #ˈoːrd̪in̪em# | *#ˈord̪en̪ɛ# | *#ˈord̪rə# | *#ˈɔrd̪rə# | *#ˈɔrd̪rə# | *#ɔʁd̪ʁ# {GOLD: #ɔʁd̪ʁ#}
879    | #ˈorn̪ɑːmˈen̪t̪um# | *#ˈɔrn̪ɑmˈɛn̪t̪o# | *#ˈɔrn̪əmˈɛ̃n̪t̪# | *#ˈɔrn̪əmˈãn̪t̪# | *#ˈɔrn̪əmˈãːt̪# | *#ɔʁn̪əmɑ̃# {GOLD: #ɔʁn̪əmɑ̃#}
880    | #ˌowˈikulɑm# | *#ˌɔβʷˈeklɑ# | *#ˌoˈeʎə# | *#ˌuˈɛʎə# | *#ˌuˈɛʎə# | *#waj# {GOLD: #wɑj#}
881    | #ˈowum# | *#ˈɔβʷo# | *#ˈye̯f# | *#ˈøf# | *#ˈøf# | *#œf# {GOLD: #œf#}
882    | #pˌɑːɡˈɑːn̪um# | *#pˌɑɣˈɑn̪o# | *#pˌajˈie̯n̪# | *#pˌajjˈẽn̪# | *#pˌajjˈẽː# | *#pajɛ̃# {GOLD: #pajɛ̃#}
883    | #pˌɑːɡˈeːn̪sem# | *#pˌɑʝˈesɛ# | *#pˌajˈis# | *#pˌajˈiːs# | *#pˌajˈiːs# | *#pɛi# {GOLD: #pɛi#}
884    | #pˈɑːkem# | *#pˈɑcɛ# | *#pˈajt͡sʲ# | *#pˈɛsʲ# | *#pˈɛs# | *#pɛ# {GOLD: #pɛ#}
885    | #pˈɑːlɑm# | *#pˈɑlɑ# | *#pˈeːlə# | *#pˈelə# | *#pˈelə# | *#pɛl# {GOLD: #pɛl#}
886    | #pˈɑːloːs# | *#pˈɑlos# | *#pˈaɫs# | *#pˈaws# | *#pˈoːs# | *#po# {GOLD: #pjø#}
887    | #pˈɑːlum# | *#pˈɑlo# | *#pˈeːl# | *#pˈel# | *#pˈel# | *#pɛl# {GOLD: #pjø#}
888    | #pˌɑlˈɑːt̪ium# | *#pˌɑlˈɑt͡sʲʝo# | *#pˌalˈajt͡sʲ# | *#pˌalˈɛsʲ# | *#pˌalˈɛs# | *#palɛ# {GOLD: #palɛ#}
889    | #pˈɑleɑm# | *#pˈɑlʝɑ# | *#pˈaʎə# | *#pˈaʎə# | *#pˈaʎə# | *#pɑj# {GOLD: #pɑj#}
890    | #pˌɑleˈɑːrium# | *#pˌɑlʝˈɑrʝo# | *#pˌaʎˈie̯r# | *#pˌaʎjˈer# | *#pˌaʎˈer# | *#paje# {GOLD: #pɑje#}
891    | #pˈɑlmɑm# | *#pˈɑɫmɑ# | *#pˈaɫmə# | *#pˈawmə# | *#pˈoːmə# | *#pom# {GOLD: #pom#}
892    | #pˌɑlpˈet̪rɑm# | *#pˌɑɫpˈɛt̪rɑ# | *#pˌaɫpˈie̯ðrə# | *#pˌawpjˈerə# | *#pˌoːpjˈerə# | *#popjɛʁ# {GOLD: #popjɛʁ#}
893    | #pˈɑːn̪em# | *#pˈɑn̪ɛ# | *#pˈãj̃n̪# | *#pˈɛ̃j̃n̪# | *#pˈɛ̃ː# | *#pɛ̃# {GOLD: #pɛ̃#}
894    | #pˌɑːn̪ˈɑːrium# | *#pˌɑn̪ˈɑrʝo# | *#pˌãn̪ˈie̯r# | *#pˌãn̪jˈer# | *#pˌãn̪jˈer# | *#pan̪je# {GOLD: #pan̪je#}
895    | #pˌɑn̪n̪ˈellum# | *#pˌɑn̪n̪ˈɛllo# | *#pˌãn̪ˈɛl# | *#pˌãn̪e̯ˈaw# | *#pˌãn̪ə̯ˈoː# | *#pan̪o# {GOLD: #pan̪o#}
896    | #pˈɑn̪n̪um# | *#pˈɑn̪n̪o# | *#pˈãn̪# | *#pˈãn̪# | *#pˈãː# | *#pɑ̃# {GOLD: #pɑ̃#}
897    | #pˈɑn̪t̪ikem# | *#pˈɑn̪t̪ecɛ# | *#pˈãn̪t͡sʲə# | *#pˈãn̪sʲə# | *#pˈãːsə# | *#pɑ̃s# {GOLD: #pɑ̃s#}
898    | #pˌɑːpiliˈoːn̪em# | *#pˌɑpelʝˈon̪ɛ# | *#pˌaviʎˈũn̪# | *#pˌaviʎˈũn̪# | *#pˌaviʎˈũː# | *#pavijɔ̃# {GOLD: #pavijɔ̃#}
899    | #pˈɑːr# | *#pˈɑr# | *#pˈeːr# | *#pˈer# | *#pˈer# | *#pɛʁ# {GOLD: #pɛʁ#}
900    | #pˌɑrˈɑbolɑm# | *#pˌɑrˈɑβɔlɑ# | *#pˌarˈɔlə# | *#pˌarˈɔlə# | *#pˌarˈɔlə# | *#paʁɔl# {GOLD: #paʁɔl#}
901    | #pˌɑrɑwerˈeːd̪um# | *#pˌɑrɑβʷɛrˈed̪o# | *#pˌaləfrˈejθ# | *#pˌaləfrwˈɛ# | *#pˌalfrwˈɛ# | *#palfʁwa# {GOLD: #paləfʁwa#}
902    | #pˈɑrem# | *#pˈɑrɛ# | *#pˈeːr# | *#pˈer# | *#pˈer# | *#pɛʁ# {GOLD: #pɛʁ#}
903    | #pˌɑrˈen̪t̪em# | *#pˌɑrˈɛn̪t̪ɛ# | *#pˌarˈɛ̃n̪t̪# | *#pˌarˈãn̪t̪# | *#pˌarˈãːt̪# | *#paʁɑ̃# {GOLD: #paʁɑ̃#}
904    | #pˌɑren̪t̪ˈɑːt̪um# | *#pˌɑrɛn̪t̪ˈɑt̪o# | *#pˌarẽn̪t̪ˈeːθ# | *#pˌarãn̪t̪ˈe# | *#pˌarãːt̪ˈe# | *#paʁɑ̃t̪e# {GOLD: #paʁɑ̃t̪e#}
905    | #pˈɑriɑ# | *#pˈɑrʝɑ# | *#pˈajrə# | *#pˈɛrə# | *#pˈɛrə# | *#pɛʁ# {GOLD: #pɛʁ#}
906    | #pˌɑriˈeːt̪em# | *#pˌɑrˈet̪ɛ# | *#pˌarˈejθ# | *#pˌarwˈɛ# | *#pˌarwˈɛ# | *#paʁwa# {GOLD: #paʁwa#}
907    | #pˌɑrˈikulɑm# | *#pˌɑrˈeklɑ# | *#pˌarˈeʎə# | *#pˌarˈɛʎə# | *#pˌarˈɛʎə# | *#paʁɛj# {GOLD: #paʁej#}
908    | #pˌɑrˈikulum# | *#pˌɑrˈeklo# | *#pˌarˈeʎ# | *#pˌarˈɛʎ# | *#pˌarˈɛʎ# | *#paʁɛj# {GOLD: #paʁej#}
909    | #pˌɑrˈiːsium# | *#pˌɑrˈisʝo# | *#pˌarˈis# | *#pˌarˈiːs# | *#pˌarˈiːs# | *#paʁi# {GOLD: #paʁi#}
910    | #pˈɑrt̪em# | *#pˈɑrt̪ɛ# | *#pˈart̪# | *#pˈart̪# | *#pˈart̪# | *#paʁ# {GOLD: #paʁ#}
911    | #pˈɑrt̪eːs# | *#pˈɑrt̪es# | *#pˈart͡s# | *#pˈars# | *#pˈars# | *#paʁ# {GOLD: #paʁ#}
912    | #pˌɑrt̪ikˈellɑm# | *#pˌɑrt̪ecˈɛllɑ# | *#pˌart͡sʲˈɛlə# | *#pˌarsʲˈɛlə# | *#pˌarsˈɛlə# | *#paʁsɛl# {GOLD: #paʁsɛl#}
913    | #pˈɑssum# | *#pˈɑsso# | *#pˈas# | *#pˈaːs# | *#pˈaːs# | *#pɑ# {GOLD: #pɑ#}
914    | #pˈɑst̪ɑm# | *#pˈɑst̪ɑ# | *#pˈast̪ə# | *#pˈaːt̪ə# | *#pˈaːt̪ə# | *#pɑt̪# {GOLD: #pɑt̪#}
915    | #pˈɑːst̪or# | *#pˈɑst̪ɔr# | *#pˈast̪rə# | *#pˈaːt̪rə# | *#pˈaːt̪rə# | *#pɑt̪ʁ# {GOLD: #pɑt̪ʁ#}
916    | #pˌɑt̪ˈellɑm# | *#pˌɑt̪ˈɛllɑ# | *#pˌaðˈɛlə# | *#pˌaˈɛlə# | *#pˈɛːlə# | *#pɛl# {GOLD: #pwal#}
917    | #pˌɑt̪rˈɑst̪rum# | *#pˌɑt̪rˈɑst̪ro# | *#pˌaðrˈast̪rə# | *#pˌarˈaːt̪rə# | *#pˌarˈaːt̪rə# | *#paʁɑt̪ʁ# {GOLD: #paʁɑt̪ʁ#}
918    | #pˈɑt̪rem# | *#pˈɑt̪rɛ# | *#pˈeːðrə# | *#pˈerə# | *#pˈerə# | *#pɛʁ# {GOLD: #pɛʁ#}
919    | #pˌɑt̪rˈiːn̪um# | *#pˌɑt̪rˈin̪o# | *#pˌaðrˈin̪# | *#pˌarˈĩn̪# | *#pˌarˈẽː# | *#paʁɛ̃# {GOLD: #paʁɛ̃#}
920    | #pˈɑwlum# | *#pˈɑwlo# | *#pˈɔl# | *#pˈu# | *#pˈu# | *#pu# {GOLD: #pɔl#}
921    | #pˌɑːwˈoːn̪em# | *#pˌɑˈon̪ɛ# | *#pˌaˈũn̪# | *#pˌaˈũn̪# | *#pˈãː# | *#pɑ̃# {GOLD: #pɑ̃#}
922    | #pˌɑːwˈoːrem# | *#pˌɑˈorɛ# | *#pˌaˈowr# | *#pˌəˈør# | *#pə̯ˈør# | *#pœʁ# {GOLD: #pœʁ#}
923    | #pˈɑwper# | *#pˈɑwpɛr# | *#pˈɔvrə# | *#pˈɔvrə# | *#pˈoːvrə# | *#pɔvʁ# {GOLD: #povʁ#}
924    | #pˈed̪em# | *#pˈɛd̪ɛ# | *#pˈie̯θ# | *#pjˈe# | *#pjˈe# | *#pje# {GOLD: #pje#}
925    | #pˈed̪eːs# | *#pˈɛd̪es# | *#pˈie̯t͡s# | *#pjˈes# | *#pjˈes# | *#pje# {GOLD: #pje#}
926    | #pˈeːd̪ikɑ# | *#pˈed̪ekɑ# | *#pˈie̯d͡ʒə# | *#pjˈeʒə# | *#pjˈeʒə# | *#pjɛʒ# {GOLD: #pjɛʒ#}
927    | #pˈeːd̪ikum# | *#pˈed̪eko# | *#pˈie̯d͡ʒə# | *#pjˈeʒə# | *#pjˈeʒə# | *#pjɛʒ# {GOLD: #pjɛʒ#}
928    | #pˌed̪it̪ˈɑːliɑ# | *#pˌɛd̪et̪ˈɑlʝɑ# | *#pˈie̯t̪ˈaʎə# | *#pjˈet̪ˈaʎə# | *#pjˈet̪ˈaʎə# | *#pjet̪ɑj# {GOLD: #pjɛt̪aj#}
929    | #pˈeːd̪it̪um# | *#pˈed̪et̪o# | *#pˈet̪# | *#pˈet̪# | *#pˈet̪# | *#pe# {GOLD: #pɛ#}
930    | #pˌed̪ˈoːn̪em# | *#pˌɛd̪ˈon̪ɛ# | *#pˌəðˈũn̪# | *#pˌəˈũn̪# | *#pə̯ˈũː# | *#pɔ̃# {GOLD: #pjɔ̃#}
931    | #pˌed̪ˈukuloːs# | *#pˌɛd̪ˈoklos# | *#pˌəðˈoɫt͡sʲ# | *#pˌəˈusʲ# | *#pə̯ˈus# | *#pu# {GOLD: #pu#}
932    | #pˈejor# | *#pˈɛʝɔr# | *#pˈirə# | *#pˈirə# | *#pˈirə# | *#piʁ# {GOLD: #piʁ#}
933    | #pˈejus# | *#pˈɛʝos# | *#pˈis# | *#pˈiːs# | *#pˈiːs# | *#pi# {GOLD: #pi#}
934    | #pˈekt̪in̪em# | *#pˈɛxt̪en̪ɛ# | *#pˈit̪n̪ə# | *#pˈit̪n̪ə# | *#pˈit̪n̪ə# | *#pit̪n̪# {GOLD: #pɛɲ#}
935    | #pˈekt̪us# | *#pˈɛxt̪os# | *#pˈit͡s# | *#pˈis# | *#pˈis# | *#pi# {GOLD: #pi#}
936    | #pˈellem# | *#pˈɛllɛ# | *#pˈɛl# | *#pe̯ˈaw# | *#pə̯ˈoː# | *#po# {GOLD: #po#}
937    | #pˈelleːs# | *#pˈɛlles# | *#pˈɛɫs# | *#pe̯ˈaws# | *#pə̯ˈoːs# | *#po# {GOLD: #po#}
938    | #pˈen̪d̪it̪ɑm# | *#pˈɛn̪d̪et̪ɑ# | *#pˈɛ̃n̪t̪ə# | *#pˈãn̪t̪ə# | *#pˈãːt̪ə# | *#pɑ̃t̪# {GOLD: #pɑ̃t̪#}
939    | #pˌeːn̪ikˈellum# | *#pˌen̪ecˈɛllo# | *#pˌẽj̃n̪t͡sʲˈɛl# | *#pˌɛ̃j̃n̪sʲe̯ˈaw# | *#pˌɛ̃ːsə̯ˈoː# | *#pɛ̃so# {GOLD: #pɛ̃so#}
940    | #pˈeːn̪silem# | *#pˈeselɛ# | *#pˈejzlə# | *#pwˈɛlə# | *#pwˈɛlə# | *#pwal# {GOLD: #pwal#}
941    | #pˈeːn̪sum# | *#pˈeso# | *#pˈejs# | *#pwˈɛːs# | *#pwˈɛːs# | *#pwa# {GOLD: #pwa#}
942    | #pˌer# | *#pˌɛr# | *#pˌɛr# | *#pˌar# | *#pˌar# | *#paʁ# {GOLD: #paʁ#}
943    | #pˌerd̪ˈiːkem# | *#pˌɛrd̪ˈicɛ# | *#pˌɛrd̪ˈit͡sʲ# | *#pˌɛrd̪ˈisʲ# | *#pˌɛrd̪ˈis# | *#pɛʁd̪i# {GOLD: #pɛʁd̪ʁi#}
944    | #pˈerd̪it̪ɑm# | *#pˈɛrd̪et̪ɑ# | *#pˈɛrt̪ə# | *#pˈɛrt̪ə# | *#pˈɛrt̪ə# | *#pɛʁt̪# {GOLD: #pɛʁt̪#}
945    | #pˌereɡrˈiːn̪um# | *#pˌɛrɛɣrˈin̪o# | *#pˌerrˈin̪# | *#pˌerˈĩn̪# | *#pˌerˈẽː# | *#peʁɛ̃# {GOLD: #pɛlʁɛ̃#}
946    | #pˌerkɑmˈiːn̪um# | *#pˌɛrkɑmˈin̪o# | *#pˌɛrt͡ʃəmˈin̪# | *#pˌarʃəmˈĩn̪# | *#pˌarʃəmˈẽː# | *#paʁʃəmɛ̃# {GOLD: #paʁʃəmɛ̃#}
947    | #pˌerˈiːkulum# | *#pˌɛrˈiklo# | *#pˌerˈiʎ# | *#pˌerˈiʎ# | *#pˌerˈiʎ# | *#peʁij# {GOLD: #peʁil#}
948    | #pˈerkɑm# | *#pˈɛrkɑ# | *#pˈɛrt͡ʃə# | *#pˈɛrʃə# | *#pˈɛrʃə# | *#pɛʁʃ# {GOLD: #pɛʁʃ#}
949    | #pˈern̪ulɑm# | *#pˈɛrn̪olɑ# | *#pˈɛrrlə# | *#pˈɛrlə# | *#pˈɛrlə# | *#pɛʁl# {GOLD: #pɛʁl#}
950    | #pˌerpet̪ˈɑːn̪eum# | *#pˌɛrpɛt̪ˈɑn̪ʝo# | *#pˌɛrpəðˈãj̃ɲ# | *#pˌarpəˈɛ̃j̃ɲ# | *#pˌarpə̯ˈɛ̃ː# | *#paʁpɛ̃# {GOLD: #paʁpɛ̃#}
951    | #pˈersɑm# | *#pˈɛrsɑ# | *#pˈɛrsə# | *#pˈɛrsə# | *#pˈɛrsə# | *#pɛʁs# {GOLD: #pɛʁs#}
952    | #pˈersikɑm# | *#pˈɛrsekɑ# | *#pˈɛrt͡ʃə# | *#pˈɛrʃə# | *#pˈɛrʃə# | *#pɛʁʃ# {GOLD: #pɛʃ#}
953    | #pˌersˈoːn̪ɑm# | *#pˌɛrsˈon̪ɑ# | *#pˌɛrsˈũn̪ə# | *#pˌɛrsˈũn̪ə# | *#pˌɛrsˈũn̪ə# | *#pɛʁsɔn̪# {GOLD: #pɛʁsɔn̪#}
954    | #pˈersum# | *#pˈɛrso# | *#pˈɛrs# | *#pˈɛrs# | *#pˈɛrs# | *#pɛʁ# {GOLD: #pɛʁ#}
955    | #pˈert̪ikɑm# | *#pˈɛrt̪ekɑ# | *#pˈɛrt͡ʃə# | *#pˈɛrʃə# | *#pˈɛrʃə# | *#pɛʁʃ# {GOLD: #pɛʁʃ#}
956    | #pˌert̪uːsiˈɑːre# | *#pˌɛrt̪esʝˈɑrɛ# | *#pˌɛrt͡sʲˈie̯r# | *#pˌɛrsʲjˈer# | *#pˌɛrsˈer# | *#pɛʁse# {GOLD: #pɛʁse#}
957    | #pˌert̪ˈuːsium# | *#pˌɛrt̪ˈusʝo# | *#pˌɛrt̪ˈyjs# | *#pˌɛrt̪ɥˈiːs# | *#pˌɛrt̪ɥˈiːs# | *#pɛʁt̪ɥi# {GOLD: #pɛʁt̪ɥi#}
958    | #pˌerwˈin̪kɑm# | *#pˌɛrβʷˈeŋkɑ# | *#pˌɛrvˈẽn̪t͡ʃə# | *#pˌɛrvˈãn̪ʃə# | *#pˌɛrvˈãːʃə# | *#pɛʁvɑ̃ʃ# {GOLD: #pɛʁvɑ̃ʃ#}
959    | #pˈessimum# | *#pˈɛssemo# | *#pˈɛzmə# | *#pˈɛ̃ːmə# | *#pˈɛ̃ːmə# | *#pɛm# {GOLD: #pɛm#}
960    | #pˈet̪rɑm# | *#pˈɛt̪rɑ# | *#pˈie̯ðrə# | *#pjˈerə# | *#pjˈerə# | *#pjɛʁ# {GOLD: #pjɛʁ#}
961    | #pˈet̪rum# | *#pˈɛt̪ro# | *#pˈie̯ðrə# | *#pjˈerə# | *#pjˈerə# | *#pjɛʁ# {GOLD: #pjɛʁ#}
962    | #pˈet̪t̪iɑm# | *#pˈɛt̪t͡sʲʝɑ# | *#pˈie̯t͡sʲə# | *#pjˈesʲə# | *#pjˈesə# | *#pjɛs# {GOLD: #pjɛs#}
963    | #pˈiːɑm# | *#pˈiɑ# | *#pˈiə# | *#pˈiə# | *#pˈiː# | *#pi# {GOLD: #pi#}
964    | #pˌiet̪ˈɑːt̪em# | *#pˌixt̪ˈɑt̪ɛ# | *#pˌit̪ˈie̯θ# | *#pˌit̪jˈe# | *#pˌit̪jˈe# | *#pit̪je# {GOLD: #pit̪je#}
965    | #pˌiɡrˈit̪iɑm# | *#pˌeɣrˈet͡sʲʝɑ# | *#pˌerˈejzə# | *#pˌerwˈɛzə# | *#pˌerwˈɛzə# | *#peʁwaz# {GOLD: #paʁɛs#}
966    | #pˈiːlɑm# | *#pˈilɑ# | *#pˈilə# | *#pˈilə# | *#pˈilə# | *#pil# {GOLD: #pil#}
967    | #pˌilˈot̪t̪ɑm# | *#pˌelˈɔt̪t̪ɑ# | *#pˌəlˈɔt̪ə# | *#pˌəlˈɔt̪ə# | *#pˌəlˈɔt̪ə# | *#pəlɔt̪# {GOLD: #pəlɔt̪#}
968    | #pˈiːkɑm# | *#pˈikɑ# | *#pˈiə# | *#pˈiə# | *#pˈiː# | *#pi# {GOLD: #pi#}
969    | #pˈikem# | *#pˈecɛ# | *#pˈejt͡sʲ# | *#pwˈɛsʲ# | *#pwˈɛs# | *#pwa# {GOLD: #pwa#}
970    | #pˌikt̪ˈɑːn̪eːs# | *#pˌext̪ˈɑn̪es# | *#pˌejt̪ˈãn̪s# | *#pwˌɛt̪ˈãn̪s# | *#pwˌɛt̪ˈãːs# | *#pwat̪ɑ̃# {GOLD: #pwat̪je#}
971    | #pˌikt̪ˈɑːwum# | *#pˌext̪ˈɑo# | *#pˌejt̪ˈɔw# | *#pwˌɛt̪ˈu# | *#pwˌɛt̪ˈu# | *#pwat̪u# {GOLD: #pwat̪u#}
972    | #pˌikt̪orˈiːn̪ɑm# | *#pˌext̪ɔrˈin̪ɑ# | *#pˌejt̪rˈin̪ə# | *#pwˌɛt̪rˈĩn̪ə# | *#pwˌɛt̪rˈin̪ə# | *#pwat̪ʁin̪# {GOLD: #pwat̪ʁin̪#}
973    | #pˌiːn̪kiˈoːn̪em# | *#pˌiŋcʝˈon̪ɛ# | *#pˌin̪t͡sʲˈũn̪# | *#pˌĩn̪sʲˈũn̪# | *#pˌẽːsˈũː# | *#pɛ̃sɔ̃# {GOLD: #pɛ̃sɔ̃#}
974    | #pˈin̪kt̪or# | *#pˈeŋt̪ɔr# | *#pˈẽj̃n̪t̪rə# | *#pˈɛ̃j̃n̪t̪rə# | *#pˈɛ̃ːt̪rə# | *#pɛ̃t̪ʁ# {GOLD: #pɛ̃t̪ʁ#}
975    | #pˈin̪n̪ɑm# | *#pˈen̪n̪ɑ# | *#pˈẽn̪ə# | *#pˈãn̪ə# | *#pˈãn̪ə# | *#pan̪# {GOLD: #pan̪#}
976    | #pˈiːn̪um# | *#pˈin̪o# | *#pˈin̪# | *#pˈĩn̪# | *#pˈẽː# | *#pɛ̃# {GOLD: #pɛ̃#}
977    | #pˈiperɑ# | *#pˈepɛrɑ# | *#pˈejvrə# | *#pwˈɛvrə# | *#pwˈɛvrə# | *#pwavʁ# {GOLD: #pwavʁ#}
978    | #pˌiːpiˈoːn̪em# | *#pˌipʝˈon̪ɛ# | *#pˌit͡ʃˈũn̪# | *#pˌiʃˈũn̪# | *#pˌiʃˈũː# | *#piʃɔ̃# {GOLD: #piʒɔ̃#}
979    | #pˈirɑm# | *#pˈerɑ# | *#pˈejrə# | *#pwˈɛrə# | *#pwˈɛrə# | *#pwaʁ# {GOLD: #pwaʁ#}
980    | #pˌiskɑːt̪ˈoːrem# | *#pˌeskɑt̪ˈorɛ# | *#pˌest͡ʃəðˈowr# | *#pˌeʃəˈør# | *#pˌeʃə̯ˈør# | *#peʃœʁ# {GOLD: #pɛʃœʁ#}
981    | #pˌiskiˈoːn̪em# | *#pˌescʝˈon̪ɛ# | *#pˌejsˈũn̪# | *#pwˌɛsˈũn̪# | *#pwˌɛsˈũː# | *#pwasɔ̃# {GOLD: #pwasɔ̃#}
982    | #pˌist̪rˈiːn̪um# | *#pˌest̪rˈin̪o# | *#pˌest̪rˈin̪# | *#pˌet̪rˈĩn̪# | *#pˌet̪rˈẽː# | *#pet̪ʁɛ̃# {GOLD: #pet̪ʁɛ̃#}
983    | #pˈisum# | *#pˈeso# | *#pˈejs# | *#pwˈɛːs# | *#pwˈɛːs# | *#pwa# {GOLD: #pwa#}
984    | #pˌit̪t̪ˈiːt̪um# | *#pˌet̪t̪ˈit̪o# | *#pˌət̪ˈiθ# | *#pˌət̪ˈi# | *#pˌət̪ˈi# | *#pət̪i# {GOLD: #pət̪i#}
985    | #pˈius# | *#pˈeos# | *#pˈews# | *#pˈøːs# | *#pˈøːs# | *#pø# {GOLD: #pjø#}
986    | #plˈɑːɡɑm# | *#plˈɑɣɑ# | *#plˈajə# | *#plˈajə# | *#plˈɛː# | *#plɛ# {GOLD: #plɛ#}
987    | #plˌɑkˈeːre# | *#plˌɑcˈerɛ# | *#plˌajd͡zʲˈir# | *#plˌɛzʲˈir# | *#plˌɛzˈir# | *#pleziʁ# {GOLD: #pleziʁ#}
988    | #plˈɑkit̪um# | *#plˈɑxt̪o# | *#plˈajt̪# | *#plˈɛt̪# | *#plˈɛt̪# | *#plɛ# {GOLD: #plɛ#}
989    | #plˌɑkit̪ˈɑːre# | *#plˌɑket̪ˈɑrɛ# | *#plˌajd̪ʲˈie̯r# | *#plˌɛd̪ʲjˈer# | *#plˌɛd̪ˈer# | *#pled̪e# {GOLD: #plɛd̪e#}
990    | #plˈɑːn̪um# | *#plˈɑn̪o# | *#plˈãj̃n̪# | *#plˈɛ̃j̃n̪# | *#plˈɛ̃ː# | *#plɛ̃# {GOLD: #plɛ̃#}
991    | #plˈɑn̪ɡere# | *#plˈɑŋɟɛrɛ# | *#plˈãj̃n̪d̪rə# | *#plˈɛ̃j̃n̪d̪rə# | *#plˈɛ̃ːd̪rə# | *#plɛ̃d̪ʁ# {GOLD: #plɛ̃d̪ʁ#}
992    | #plˈɑn̪t̪ɑm# | *#plˈɑn̪t̪ɑ# | *#plˈãn̪t̪ə# | *#plˈãn̪t̪ə# | *#plˈãːt̪ə# | *#plɑ̃t̪# {GOLD: #plɑ̃t̪#}
993    | #plˌɑn̪t̪ˈɑːɡin̪em# | *#plˌɑn̪t̪ˈɑɡn̪ɛ# | *#plˌãn̪t̪ˈãj̃n̪# | *#plˌãn̪t̪ˈɛ̃j̃n̪# | *#plˌãːt̪ˈɛ̃ː# | *#plɑ̃t̪ɛ̃# {GOLD: #plɑ̃t̪ɛ̃#}
994    | #plˌɑn̪t̪iˈoːn̪em# | *#plˌɑn̪t͡sʲʝˈon̪ɛ# | *#plˌãn̪t͡sʲˈũn̪# | *#plˌãn̪sʲˈũn̪# | *#plˌãːsˈũː# | *#plɑ̃sɔ̃# {GOLD: #plɑ̃sɔ̃#}
995    | #plˈɑt̪t̪ɑm# | *#plˈɑt̪t̪ɑ# | *#plˈat̪ə# | *#plˈat̪ə# | *#plˈat̪ə# | *#plat̪# {GOLD: #plat̪#}
996    | #plˈɑt̪t̪ɑːs# | *#plˈɑt̪t̪ɑs# | *#plˈat̪əs# | *#plˈat̪əs# | *#plˈat̪ə# | *#plat̪# {GOLD: #plat̪#}
997    | #plˈɑt̪t̪oːs# | *#plˈɑt̪t̪os# | *#plˈat͡s# | *#plˈas# | *#plˈas# | *#pla# {GOLD: #pla#}
998    | #plˈɑt̪t̪um# | *#plˈɑt̪t̪o# | *#plˈat̪# | *#plˈat̪# | *#plˈat̪# | *#pla# {GOLD: #pla#}
999    | #plˈɑt̪t̪eɑm# | *#plˈɑt̪t͡sʲʝɑ# | *#plˈat͡sʲə# | *#plˈasʲə# | *#plˈasə# | *#plas# {GOLD: #plas#}
1000   | #plˈebium# | *#plˈɛbʝo# | *#plˈɛd͡ʒə# | *#plˈɛʒə# | *#plˈɛʒə# | *#plɛʒ# {GOLD: #plɛʒ#}
1001   | #plˈeːn̪ɑm# | *#plˈen̪ɑ# | *#plˈẽj̃n̪ə# | *#plˈɛ̃j̃n̪ə# | *#plˈɛ̃n̪ə# | *#plɛn̪# {GOLD: #plɛn̪#}
1002   | #plˌeːn̪ˈɑːriɑm# | *#plˌen̪ˈɑrʝɑ# | *#plˌən̪ˈie̯rə# | *#plˌən̪jˈerə# | *#plˌən̪jˈerə# | *#plen̪jɛʁ# {GOLD: #plen̪jɛʁ#}
1003   | #plˌeːn̪ˈɑːrium# | *#plˌen̪ˈɑrʝo# | *#plˌən̪ˈie̯r# | *#plˌən̪jˈer# | *#plˌən̪jˈer# | *#plen̪je# {GOLD: #plen̪je#}
1004   | #plˈeːn̪um# | *#plˈen̪o# | *#plˈẽj̃n̪# | *#plˈɛ̃j̃n̪# | *#plˈɛ̃ː# | *#plɛ̃# {GOLD: #plɛ̃#}
1005   | #plˈikɑt̪# | *#plˈekɑt̪# | *#plˈejəθ# | *#plwˈɛə# | *#plwˈɛː# | *#plwa# {GOLD: #plwa#}
1006   | #plˈowiɑm# | *#plˈɔʝɑ# | *#plˈyjə# | *#plɥˈiə# | *#plɥˈiː# | *#plɥi# {GOLD: #plɥi#}
1007   | #plˈuːmɑm# | *#plˈumɑ# | *#plˈymə# | *#plˈỹmə# | *#plˈymə# | *#plym# {GOLD: #plym#}
1008   | #plˌumbikˈɑːre# | *#plˌombekˈɑrɛ# | *#plˌũmd͡ʒˈie̯r# | *#plˌũn̪ʒjˈer# | *#plˌũːʒˈer# | *#plɔ̃ʒe# {GOLD: #plɔ̃ʒe#}
1009   | #plˌumbiˈoːn̪em# | *#plˌombʝˈon̪ɛ# | *#plˌũmd͡ʒˈũn̪# | *#plˌũn̪ʒˈũn̪# | *#plˌũːʒˈũː# | *#plɔ̃ʒɔ̃# {GOLD: #plɔ̃ʒɔ̃#}
1010   | #plˈumbum# | *#plˈombo# | *#plˈũmp# | *#plˈũn̪p# | *#plˈũːp# | *#plɔ̃# {GOLD: #plɔ̃#}
1011   | #plˈuːs# | *#plˈus# | *#plˈys# | *#plˈyːs# | *#plˈyːs# | *#ply# {GOLD: #ply#}
1012   | #plˌuːsiˈoːreːs# | *#plˌusʝˈores# | *#plˌyjzˈors# | *#plɥˌizˈurs# | *#plɥˌizˈurs# | *#plɥizuʁ# {GOLD: #plyzjœʁ#}
1013   | #pˈod̪ium# | *#pˈɔʝʝo# | *#pˈyj# | *#pɥˈi# | *#pɥˈi# | *#pɥi# {GOLD: #pɥi#}
1014   | #pˈoe̯n̪ɑm# | *#pˈen̪ɑ# | *#pˈẽj̃n̪ə# | *#pˈɛ̃j̃n̪ə# | *#pˈɛ̃n̪ə# | *#pɛn̪# {GOLD: #pɛn̪#}
1015   | #pˈollikem# | *#pˈɔllecɛ# | *#pˈɔɫt͡sʲə# | *#pˈusʲə# | *#pˈusə# | *#pus# {GOLD: #pus#}
1016   | #pˈoːmɑm# | *#pˈomɑ# | *#pˈũmə# | *#pˈũmə# | *#pˈũmə# | *#pɔm# {GOLD: #pɔm#}
1017   | #pˈon̪ere# | *#pˈɔn̪rɛ# | *#pˈũn̪d̪rə# | *#pˈũn̪d̪rə# | *#pˈũːd̪rə# | *#pɔ̃d̪ʁ# {GOLD: #pɔ̃d̪ʁ#}
1018   | #pˈoːn̪t̪em# | *#pˈon̪t̪ɛ# | *#pˈũn̪t̪# | *#pˈũn̪t̪# | *#pˈũːt̪# | *#pɔ̃# {GOLD: #pɔ̃#}
1019   | #pˈorkoːs# | *#pˈɔrkos# | *#pˈɔrs# | *#pˈɔrs# | *#pˈɔrs# | *#pɔʁ# {GOLD: #pɔʁ#}
1020   | #pˈorkum# | *#pˈɔrko# | *#pˈɔrk# | *#pˈɔrk# | *#pˈɔrk# | *#pɔʁ# {GOLD: #pɔʁ#}
1021   | #pˈort̪ɑm# | *#pˈɔrt̪ɑ# | *#pˈɔrt̪ə# | *#pˈɔrt̪ə# | *#pˈɔrt̪ə# | *#pɔʁt̪# {GOLD: #pɔʁt̪#}
1022   | #pˌort̪ˈɑːre# | *#pˌɔrt̪ˈɑrɛ# | *#pˌɔrt̪ˈeːr# | *#pˌɔrt̪ˈer# | *#pˌɔrt̪ˈer# | *#pɔʁt̪e# {GOLD: #pɔʁt̪e#}
1023   | #pˈort̪ɑt̪# | *#pˈɔrt̪ɑt̪# | *#pˈɔrt̪əθ# | *#pˈɔrt̪ə# | *#pˈɔrt̪ə# | *#pɔʁt̪# {GOLD: #pɔʁt̪#}
1024   | #pˌort̪ɑt̪ˈoːrem# | *#pˌɔrt̪ɑt̪ˈorɛ# | *#pˌɔrt̪əðˈowr# | *#pˌɔrt̪əˈør# | *#pˌɔrt̪ə̯ˈør# | *#pɔʁt̪œʁ# {GOLD: #pɔʁt̪œʁ#}
1025   | #pˈort̪ikum# | *#pˈɔrt̪eko# | *#pˈɔrt͡ʃə# | *#pˈɔrʃə# | *#pˈɔrʃə# | *#pɔʁʃ# {GOLD: #pɔʁʃ#}
1026   | #pˌost̪ˈellum# | *#pˌɔst̪ˈɛllo# | *#pˌɔst̪ˈɛl# | *#pˌɔːt̪e̯ˈaw# | *#pˌoːt̪ə̯ˈoː# | *#pot̪o# {GOLD: #pot̪o#}
1027   | #pˌoːt̪iˈoːn̪em# | *#pˌot͡sʲʝˈon̪ɛ# | *#pˌojzˈũn̪# | *#pwˌɛzˈũn̪# | *#pwˌɛzˈũː# | *#pwazɔ̃# {GOLD: #pwazɔ̃#}
1028   | #pˈost̪ium# | *#pˈɔst͡sʲʝo# | *#pˈyjs# | *#pɥˈiːs# | *#pɥˈiːs# | *#pɥi# {GOLD: #pɥi#}
1029   | #pˈot̪et̪# | *#pˈɔt̪ɛt̪# | *#pˈye̯t̪# | *#pˈøt̪# | *#pˈøt̪# | *#pø# {GOLD: #pø#}
1030   | #prˌɑe̯# | *#prˌɛ# | *#prˌɛ# | *#prˌɛ# | *#prˌɛ# | *#pʁɛ# {GOLD: #pʁe#}
1031   | #prˌɑe̯d̪ikˈɑːre# | *#prˌɛd̪ekˈɑrɛ# | *#prˌɛd͡ʒˈie̯r# | *#prˌɛʒjˈer# | *#prˌɛʒˈer# | *#pʁɛʒe# {GOLD: #pʁɛʃe#}
1032   | #prˌɑe̯d̪ikɑːt̪ˈoːrem# | *#prˌɛd̪ekɑt̪ˈorɛ# | *#prˌɛd͡ʒəðˈowr# | *#prˌɛʒəˈør# | *#prˌɛʒə̯ˈør# | *#pʁɛʒœʁ# {GOLD: #pʁɛʃœʁ#}
1033   | #prˌɑe̯pˈosit̪um# | *#prˌɛpˈɔset̪o# | *#prˌəvˈɔst̪# | *#prˌəvˈoːt̪# | *#prˌəvˈoːt̪# | *#pʁəvo# {GOLD: #pʁevo#}
1034   | #prˈɑe̯st̪ɑm# | *#prˈɛst̪ɑ# | *#prˈɛst̪ə# | *#prˈɛːt̪ə# | *#prˈɛːt̪ə# | *#pʁɛt̪# {GOLD: #pʁɛt̪#}
1035   | #prˌɑe̯st̪ˈɑːre# | *#prˌɛst̪ˈɑrɛ# | *#prˌɛst̪ˈeːr# | *#prˌɛːt̪ˈer# | *#prˌɛːt̪ˈer# | *#pʁɛt̪e# {GOLD: #pʁɛt̪e#}
1036   | #prˈɑe̯st̪um# | *#prˈɛst̪o# | *#prˈɛst̪# | *#prˈɛːt̪# | *#prˈɛːt̪# | *#pʁɛ# {GOLD: #pʁɛ#}
1037   | #prˈɑːt̪um# | *#prˈɑt̪o# | *#prˈeːθ# | *#prˈe# | *#prˈe# | *#pʁe# {GOLD: #pʁe#}
1038   | #prˌehˈen̪d̪ere# | *#prˈen̪d̪ɛrɛ# | *#prˈẽn̪d̪rə# | *#prˈãn̪d̪rə# | *#prˈãːd̪rə# | *#pʁɑ̃d̪ʁ# {GOLD: #pʁɑ̃d̪ʁ#}
1039   | #prˌehen̪siˈoːn̪em# | *#prˌesʝˈon̪ɛ# | *#prˌizˈũn̪# | *#prˌizˈũn̪# | *#prˌizˈũː# | *#pʁizɔ̃# {GOLD: #pʁizɔ̃#}
1040   | #prˈesbyt̪er# | *#prˈɛsbet̪ɛr# | *#prˈɛst̪rə# | *#prˈɛːt̪rə# | *#prˈɛːt̪rə# | *#pʁɛt̪ʁ# {GOLD: #pʁɛt̪ʁ#}
1041   | #prˈessɑ# | *#prˈɛssɑ# | *#prˈɛsə# | *#prˈɛːsə# | *#prˈɛːsə# | *#pʁɛs# {GOLD: #pʁɛs#}
1042   | #prˈesse# | *#prˈɛssɛ# | *#prˈɛs# | *#prˈɛːs# | *#prˈɛːs# | *#pʁɛ# {GOLD: #pʁɛ#}
1043   | #prˌessˈɑːre# | *#prˌɛssˈɑrɛ# | *#prˌɛsˈeːr# | *#prˌɛsˈer# | *#prˌɛsˈer# | *#pʁɛse# {GOLD: #pʁɛse#}
1044   | #prˌet̪iˈɑːre# | *#prˌɛt͡sʲʝˈɑrɛ# | *#prˌid͡zʲˈie̯r# | *#prˌizʲjˈer# | *#prˌizˈer# | *#pʁize# {GOLD: #pʁize#}
1045   | #prˈet̪ium# | *#prˈɛt͡sʲʝo# | *#prˈit͡sʲ# | *#prˈisʲ# | *#prˈis# | *#pʁi# {GOLD: #pʁi#}
1046   | #prˈiːmɑm# | *#prˈimɑ# | *#prˈimə# | *#prˈĩmə# | *#prˈimə# | *#pʁim# {GOLD: #pʁim#}
1047   | #prˌimˈɑːriɑm# | *#prˌemˈɑrʝɑ# | *#prˌəmˈie̯rə# | *#prˌəmjˈerə# | *#prˌəmjˈerə# | *#pʁəmjɛʁ# {GOLD: #pʁəmjɛʁ#}
1048   | #prˌimˈɑːrium# | *#prˌemˈɑrʝo# | *#prˌəmˈie̯r# | *#prˌəmjˈer# | *#prˌəmjˈer# | *#pʁəmje# {GOLD: #pʁəmje#}
1049   | #prˌiːwˈɑːt̪um# | *#prˌiβʷˈɑt̪o# | *#prˌivˈeːθ# | *#prˌivˈe# | *#prˌivˈe# | *#pʁive# {GOLD: #pʁive#}
1050   | #prˈoːd̪e# | *#prˈod̪ɛ# | *#prˈowθ# | *#prˈø# | *#prˈø# | *#pʁø# {GOLD: #pʁu#}
1051   | #prˈoːd̪is# | *#prˈod̪es# | *#prˈowt͡s# | *#prˈøs# | *#prˈøs# | *#pʁø# {GOLD: #pʁø#}
1052   | #prˌopeˈɑːn̪um# | *#prˌɔpʝˈɑn̪o# | *#prˌɔt͡ʃˈãj̃n̪# | *#prˌɔʃˈɛ̃j̃n̪# | *#prˌɔʃˈɛ̃ː# | *#pʁɔʃɛ̃# {GOLD: #pʁɔʃɛ̃#}
1053   | #prˈoːt̪irum# | *#prˈot̪ero# | *#prˈoðn̪ə# | *#prˈõːn̪ə# | *#prˈõːn̪ə# | *#pʁon̪# {GOLD: #pʁon̪#}
1054   | #prˈuːn̪ɑm# | *#prˈun̪ɑ# | *#prˈyn̪ə# | *#prˈỹn̪ə# | *#prˈyn̪ə# | *#pʁyn̪# {GOLD: #pʁyn̪#}
1055   | #pˈuɡn̪oːs# | *#pˈoŋn̪os# | *#pˈũj̃n̪t͡sʲ# | *#pwˈĩn̪sʲ# | *#pwˈɛ̃ːs# | *#pwɛ̃# {GOLD: #pwɛ̃#}
1056   | #pˈuɡn̪um# | *#pˈoŋn̪o# | *#pˈũj̃ɲ# | *#pwˈĩɲ# | *#pwˈɛ̃ː# | *#pwɛ̃# {GOLD: #pwɛ̃#}
1057   | #pˈuliɑm# | *#pˈolʝɑ# | *#pˈoʎə# | *#pˈuʎə# | *#pˈuʎə# | *#puj# {GOLD: #puj#}
1058   | #pˈuːlikem# | *#pˈulecɛ# | *#pˈyɫt͡sʲə# | *#pˈysʲə# | *#pˈysə# | *#pys# {GOLD: #pys#}
1059   | #pˌuːlikˈellɑm# | *#pˌulecˈɛllɑ# | *#pˌyɫt͡sʲˈɛlə# | *#pˌysʲˈɛlə# | *#pˌysˈɛlə# | *#pysɛl# {GOLD: #pysɛl#}
1060   | #pˈullɑm# | *#pˈollɑ# | *#pˈolə# | *#pˈulə# | *#pˈulə# | *#pul# {GOLD: #pul#}
1061   | #pˌullˈɑːmen̪# | *#pˌollˈɑmɛ# | *#pˌolˈãj̃n̪# | *#pˌulˈɛ̃j̃n̪# | *#pˌulˈɛ̃ː# | *#pulɛ̃# {GOLD: #pulɛ̃#}
1062   | #pˌullikˈeːn̪um# | *#pˌollecˈen̪o# | *#pˌoɫt͡sʲˈin̪# | *#pˌusʲˈĩn̪# | *#pˌusˈẽː# | *#pusɛ̃# {GOLD: #pusɛ̃#}
1063   | #pˌulmˈoːn̪em# | *#pˌoɫmˈon̪ɛ# | *#pˌoɫmˈũn̪# | *#pˌũmˈũn̪# | *#pˌũmˈũː# | *#pɔmɔ̃# {GOLD: #pumɔ̃#}
1064   | #pˌulsˈɑːre# | *#pˌoɫsˈɑrɛ# | *#pˌoɫsˈeːr# | *#pˌusˈer# | *#pˌusˈer# | *#puse# {GOLD: #puse#}
1065   | #pˈulwerem# | *#pˈoɫβʷɛrɛ# | *#pˈoɫd̪rə# | *#pˈud̪rə# | *#pˈud̪rə# | *#pud̪ʁ# {GOLD: #pud̪ʁ#}
1066   | #pˈuːmikem# | *#pˈumecɛ# | *#pˈymt͡sʲə# | *#pˈỹn̪sʲə# | *#pˈỹːsə# | *#pœ̃s# {GOLD: #pɔ̃s#}
1067   | #pˈun̪ɡere# | *#pˈoŋɟɛrɛ# | *#pˈũj̃n̪d̪rə# | *#pwˈĩn̪d̪rə# | *#pwˈɛ̃ːd̪rə# | *#pwɛ̃d̪ʁ# {GOLD: #pwɛ̃d̪ʁ#}
1068   | #pˈun̪kt̪ɑm# | *#pˈoŋt̪ɑ# | *#pˈũj̃n̪t̪ə# | *#pwˈĩn̪t̪ə# | *#pwˈɛ̃ːt̪ə# | *#pwɛ̃t̪# {GOLD: #pwɛ̃t̪#}
1069   | #pˌun̪kt̪iˈoːn̪em# | *#pˌoŋt͡sʲʝˈon̪ɛ# | *#pˌũj̃n̪t͡sʲˈũn̪# | *#pwˌĩn̪sʲˈũn̪# | *#pwˌɛ̃ːsˈũː# | *#pwɛ̃sɔ̃# {GOLD: #pwɛ̃sɔ̃#}
1070   | #pˈun̪kt̪um# | *#pˈoŋt̪o# | *#pˈũj̃n̪t̪# | *#pwˈĩn̪t̪# | *#pwˈɛ̃ːt̪# | *#pwɛ̃# {GOLD: #pwɛ̃#}
1071   | #pˌun̪kt̪ˈuːrɑm# | *#pˌoŋt̪ˈurɑ# | *#pˌũj̃n̪t̪ˈyrə# | *#pwˌĩn̪t̪ˈyrə# | *#pwˌɛ̃ːt̪ˈyrə# | *#pwɛ̃t̪yʁ# {GOLD: #pwɛ̃t̪yʁ#}
1072   | #pˈuːrɑm# | *#pˈurɑ# | *#pˈyrə# | *#pˈyrə# | *#pˈyrə# | *#pyʁ# {GOLD: #pyʁ#}
1073   | #pˌuːrɡˈɑːre# | *#pˌurɡˈɑrɛ# | *#pˌyrd͡ʒˈie̯r# | *#pˌyrʒjˈer# | *#pˌyrʒˈer# | *#pyʁʒe# {GOLD: #pyʁʒe#}
1074   | #pˈuːrum# | *#pˈuro# | *#pˈyr# | *#pˈyr# | *#pˈyr# | *#pyʁ# {GOLD: #pyʁ#}
1075   | #pˈurppurɑm# | *#pˈorpporɑ# | *#pˈorprə# | *#pˈurprə# | *#pˈurprə# | *#puʁpʁ# {GOLD: #puʁpʁ#}
1076   | #pˌuppˈɑːt̪ɑm# | *#pˌoppˈɑt̪ɑ# | *#pˌopˈeːðə# | *#pˌupˈeə# | *#pˌupˈeː# | *#pupe# {GOLD: #pupe#}
1077   | #pˈut̪t̪um# | *#pˈot̪t̪o# | *#pˈot̪# | *#pˈɔt̪# | *#pˈɔt̪# | *#po# {GOLD: #po#}
1078   | #rˈɑbiɑm# | *#rˈɑbʝɑ# | *#rˈad͡ʒə# | *#rˈaʒə# | *#rˈaʒə# | *#ʁaʒ# {GOLD: #ʁaʒ#}
1079   | #rˌɑd̪iːkˈiːn̪ɑm# | *#rˌɑd̪icˈin̪ɑ# | *#rˌat͡sʲˈin̪ə# | *#rˌasʲˈĩn̪ə# | *#rˌasˈin̪ə# | *#ʁasin̪# {GOLD: #ʁasin̪#}
1080   | #rˈɑd̪ium# | *#rˈɑʝʝo# | *#rˈaj# | *#rˈɛ# | *#rˈɛ# | *#ʁɛ# {GOLD: #ʁɛ#}
1081   | #rˌɑkˈeːmum# | *#rˌɑcˈemo# | *#rˌajd͡zʲˈin̪# | *#rˌɛzʲˈĩn̪# | *#rˌɛzˈẽː# | *#ʁɛzɛ̃# {GOLD: #ʁɛzɛ̃#}
1082   | #rˌɑmˈellum# | *#rˌɑmˈɛllo# | *#rˌãmˈɛl# | *#rˌãme̯ˈaw# | *#rˌãmə̯ˈoː# | *#ʁamo# {GOLD: #ʁamo#}
1083   | #rˈɑːn̪ɑm# | *#rˈɑn̪ɑ# | *#rˈãj̃n̪ə# | *#rˈɛ̃j̃n̪ə# | *#rˈɛ̃n̪ə# | *#ʁɛn̪# {GOLD: #ʁɛn̪#}
1084   | #rˌɑn̪kˈoːrem# | *#rˌɑŋkˈorɛ# | *#rˌãŋkˈowr# | *#rˌãŋkˈør# | *#rˌãːkˈør# | *#ʁɑ̃kœʁ# {GOLD: #ʁɑ̃kœʁ#}
1085   | #rˈɑpid̪um# | *#rˈɑped̪o# | *#rˈad̪ə# | *#rˈad̪ə# | *#rˈad̪ə# | *#ʁad̪# {GOLD: #ʁad̪#}
1086   | #rˌɑskulˈɑːre# | *#rˌɑskolˈɑrɛ# | *#rˌazlˈeːr# | *#rˌaːlˈer# | *#rˌaːlˈer# | *#ʁɑle# {GOLD: #ʁɑle#}
1087   | #rˌɑst̪ˈellum# | *#rˌɑst̪ˈɛllo# | *#rˌast̪ˈɛl# | *#rˌaːt̪e̯ˈaw# | *#rˌaːt̪ə̯ˈoː# | *#ʁɑt̪o# {GOLD: #ʁɑt̪o#}
1088   | #rˌɑt̪iˈoːn̪em# | *#rˌɑt͡sʲʝˈon̪ɛ# | *#rˌajzˈũn̪# | *#rˌɛzˈũn̪# | *#rˌɛzˈũː# | *#ʁɛzɔ̃# {GOLD: #ʁɛzɔ̃#}
1089   | #rˈɑːsum# | *#rˈɑso# | *#rˈeːs# | *#rˈeːs# | *#rˈeːs# | *#ʁe# {GOLD: #ʁe#}
1090   | #rˌed̪ˌempt̪iˈoːn̪em# | *#rˌɛd̪ˌɛmpt͡sʲʝˈon̪ɛ# | *#rˌəðˌẽmt͡sʲˈũn̪# | *#rˌəˌãn̪sʲˈũn̪# | *#rˌãːsˈũː# | *#ʁɑ̃sɔ̃# {GOLD: #ʁɑ̃sɔ̃#}
1091   | #rˌeːɡˈɑːlem# | *#rˌeɣˈɑlɛ# | *#rˌejˈal# | *#rwˌɛjˈal# | *#rwˌɛjˈal# | *#ʁwajal# {GOLD: #ʁwajal#}
1092   | #rˌeːɡˈɑːleːs# | *#rˌeɣˈɑles# | *#rˌejˈaɫs# | *#rwˌɛjˈaws# | *#rwˌɛjˈoːs# | *#ʁwajo# {GOLD: #ʁwajo#}
1093   | #rˈeːɡem# | *#rˈeʝɛ# | *#rˈej# | *#rwˈɛ# | *#rwˈɛ# | *#ʁwa# {GOLD: #ʁwa#}
1094   | #rˈem# | *#rˈɛm# | *#rˈie̯n̪# | *#rjˈẽn̪# | *#rjˈẽː# | *#ʁjɛ̃# {GOLD: #ʁjɛ̃#}
1095   | #rˈen̪d̪it̪ɑm# | *#rˈɛn̪d̪et̪ɑ# | *#rˈɛ̃n̪t̪ə# | *#rˈãn̪t̪ə# | *#rˈãːt̪ə# | *#ʁɑ̃t̪# {GOLD: #ʁɑ̃t̪#}
1096   | #rˈeːn̪em# | *#rˈen̪ɛ# | *#rˈẽj̃n̪# | *#rˈɛ̃j̃n̪# | *#rˈɛ̃ː# | *#ʁɛ̃# {GOLD: #ʁɛ̃#}
1097   | #rˈeːt̪eːs# | *#rˈet̪es# | *#rˈejt͡s# | *#rwˈɛs# | *#rwˈɛs# | *#ʁwa# {GOLD: #ʁɛ#}
1098   | #rˈet̪in̪ɑm# | *#rˈɛt̪en̪ɑ# | *#rˈɛðn̪ə# | *#rˈɛ̃ːn̪ə# | *#rˈɛ̃ːn̪ə# | *#ʁɛn̪# {GOLD: #ʁɛn̪#}
1099   | #rˌet̪ˈun̪d̪ɑm# | *#rˌɛt̪ˈon̪d̪ɑ# | *#rˌəðˈũn̪d̪ə# | *#rˌəˈũn̪d̪ə# | *#rə̯ˈũːd̪ə# | *#ʁɔ̃d̪# {GOLD: #ʁɔ̃d̪#}
1100   | #rˌet̪ˈun̪d̪um# | *#rˌɛt̪ˈon̪d̪o# | *#rˌəðˈũn̪t̪# | *#rˌəˈũn̪t̪# | *#rə̯ˈũːt̪# | *#ʁɔ̃# {GOLD: #ʁɔ̃#}
1101   | #rˈiːd̪ere# | *#rˈid̪ɛrɛ# | *#rˈiðrə# | *#rˈirə# | *#rˈirə# | *#ʁiʁ# {GOLD: #ʁiʁ#}
1102   | #rˈikɑm# | *#rˈekɑ# | *#rˈejə# | *#rwˈɛə# | *#rwˈɛː# | *#ʁwa# {GOLD: #ʁɛ#}
1103   | #rˈiɡid̪ɑm# | *#rˈeɡd̪ɑ# | *#rˈejd̪ə# | *#rˈɛd̪ə# | *#rˈɛd̪ə# | *#ʁɛd̪# {GOLD: #ʁɛd̪#}
1104   | #rˈiːpɑm# | *#rˈipɑ# | *#rˈivə# | *#rˈivə# | *#rˈivə# | *#ʁiv# {GOLD: #ʁiv#}
1105   | #rˌiːpˈɑːriɑm# | *#rˌipˈɑrʝɑ# | *#rˌivˈie̯rə# | *#rˌivjˈerə# | *#rˌivjˈerə# | *#ʁivjɛʁ# {GOLD: #ʁivjɛʁ#}
1106   | #rˈiːsum# | *#rˈiso# | *#rˈis# | *#rˈiːs# | *#rˈiːs# | *#ʁi# {GOLD: #ʁi#}
1107   | #rˌoːbˈiːkulɑm# | *#rˌoβˈiklɑ# | *#rˌoˈiʎə# | *#rˌuˈiʎə# | *#rˌuˈiʎə# | *#ʁuj# {GOLD: #ʁuj#}
1108   | #rˈokkɑm# | *#rˈɔkkɑ# | *#rˈɔt͡ʃə# | *#rˈɔʃə# | *#rˈɔʃə# | *#ʁɔʃ# {GOLD: #ʁoʃ#}
1109   | #rˈoːt̪un̪um# | *#rˈot̪on̪o# | *#rˈoðn̪ə# | *#rˈõːn̪ə# | *#rˈõːn̪ə# | *#ʁon̪# {GOLD: #ʁon̪#}
1110   | #rˈubeum# | *#rˈobʝo# | *#rˈod͡ʒə# | *#rˈuʒə# | *#rˈuʒə# | *#ʁuʒ# {GOLD: #ʁuʒ#}
1111   | #rˈuːɡɑm# | *#rˈuɣɑ# | *#rˈyə# | *#rˈyə# | *#rˈyː# | *#ʁy# {GOLD: #ʁy#}
1112   | #rˈumikem# | *#rˈomecɛ# | *#rˈũmt͡sʲə# | *#rˈũn̪sʲə# | *#rˈũːsə# | *#ʁɔ̃s# {GOLD: #ʁɔ̃s#}
1113   | #rˌuːmˈoːrem# | *#rˌumˈorɛ# | *#rˌymˈowr# | *#rˌỹmˈør# | *#rˌymˈør# | *#ʁymœʁ# {GOLD: #ʁymœʁ#}
1114   | #rˈumpere# | *#rˈompɛrɛ# | *#rˈũmprə# | *#rˈũn̪prə# | *#rˈũːprə# | *#ʁɔ̃pʁ# {GOLD: #ʁɔ̃pʁ#}
1115   | #rˈupt̪ɑ# | *#rˈopt̪ɑ# | *#rˈot̪ə# | *#rˈut̪ə# | *#rˈut̪ə# | *#ʁut̪# {GOLD: #ʁut̪#}
1116   | #rˈupt̪um# | *#rˈopt̪o# | *#rˈot̪# | *#rˈɔt̪# | *#rˈɔt̪# | *#ʁo# {GOLD: #ʁo#}
1117   | #rˈuːskɑm# | *#rˈuskɑ# | *#rˈyst͡ʃə# | *#rˈyːʃə# | *#rˈyːʃə# | *#ʁyʃ# {GOLD: #ʁyʃ#}
1118   | #rˌuːskˈellum# | *#rˌuscˈɛllo# | *#rˌyjsˈɛl# | *#rɥˌise̯ˈaw# | *#rɥˌisə̯ˈoː# | *#ʁɥiso# {GOLD: #ʁɥiso#}
1119   | #rˈussɑm# | *#rˈossɑ# | *#rˈosə# | *#rˈusə# | *#rˈusə# | *#ʁus# {GOLD: #ʁus#}
1120   | #rˈussum# | *#rˈosso# | *#rˈos# | *#rˈuːs# | *#rˈuːs# | *#ʁu# {GOLD: #ʁu#}
1121   | #rˌut̪ˈɑːbulum# | *#rˌot̪ˈɑβlo# | *#rˌoðˈablə# | *#rˌuˈablə# | *#rˌuˈablə# | *#ʁuabl# {GOLD: #ʁɑbl#}
1122   | #rˈuːt̪ɑm# | *#rˈut̪ɑ# | *#rˈyðə# | *#rˈyə# | *#rˈyː# | *#ʁy# {GOLD: #ʁy#}
1123   | #rˌuːt̪ˈɑːre# | *#rˌut̪ˈɑrɛ# | *#rˌyðˈeːr# | *#rˌyˈer# | *#rˌyˈer# | *#ʁɥeʁ# {GOLD: #ʁɥe#}
1124   | #sˌɑbiːn̪iˈɑːkum# | *#sˌɑβin̪ʝˈɑko# | *#sˌaviɲˈi# | *#sˌavĩɲˈi# | *#sˌaviɲˈi# | *#saviɲi# {GOLD: #saviɲi#}
1125   | #sˈɑbulum# | *#sˈɑβlo# | *#sˈablə# | *#sˈablə# | *#sˈablə# | *#sabl# {GOLD: #sabl#}
1126   | #sˈɑɡmɑm# | *#sˈɑwmɑ# | *#sˈũmə# | *#sˈũmə# | *#sˈũmə# | *#sɔm# {GOLD: #sɔm#}
1127   | #sˌɑɡmˈɑːrium# | *#sˌɑwmˈɑrʝo# | *#sˌũmˈie̯r# | *#sˌũmjˈer# | *#sˌũmjˈer# | *#sɔmje# {GOLD: #sɔmje#}
1128   | #sˈɑkkum# | *#sˈɑkko# | *#sˈak# | *#sˈak# | *#sˈak# | *#sak# {GOLD: #sak#}
1129   | #sˌɑkrɑmˈen̪t̪um# | *#sˌɑkrɑmˈɛn̪t̪o# | *#sˌajrəmˈɛ̃n̪t̪# | *#sˌɛrəmˈãn̪t̪# | *#sˌɛrmˈãːt̪# | *#sɛʁmɑ̃# {GOLD: #sɛʁmɑ̃#}
1130   | #sˈɑlem# | *#sˈɑlɛ# | *#sˈeːl# | *#sˈel# | *#sˈel# | *#sɛl# {GOLD: #sɛl#}
1131   | #sˌɑlin̪ˈɑːrium# | *#sˌɑlen̪ˈɑrʝo# | *#sˌaɫn̪ˈie̯r# | *#sˌawn̪jˈer# | *#sˌoːn̪jˈer# | *#son̪je# {GOLD: #son̪je#}
1132   | #sˌɑlmˈɑst̪er# | *#sˌɑɫmˈɑst̪ɛr# | *#sˌaɫmˈast̪rə# | *#sˌawmˈaːt̪rə# | *#sˌoːmˈaːt̪rə# | *#somɑt̪ʁ# {GOLD: #somɑt̪ʁ#}
1133   | #sˌɑlmˈoːn̪em# | *#sˌɑɫmˈon̪ɛ# | *#sˌaɫmˈũn̪# | *#sˌawmˈũn̪# | *#sˌoːmˈũː# | *#somɔ̃# {GOLD: #somɔ̃#}
1134   | #sˈɑlsɑm# | *#sˈɑɫsɑ# | *#sˈaɫsə# | *#sˈawsə# | *#sˈoːsə# | *#sos# {GOLD: #sos#}
1135   | #sˌɑlsˈiːkiɑm# | *#sˌɑɫsˈiccʝɑ# | *#sˌaɫsˈit͡sʲə# | *#sˌawsˈisʲə# | *#sˌoːsˈisə# | *#sosis# {GOLD: #sosis#}
1136   | #sˌɑlt̪ˈɑːre# | *#sˌɑɫt̪ˈɑrɛ# | *#sˌaɫt̪ˈeːr# | *#sˌawt̪ˈer# | *#sˌoːt̪ˈer# | *#sot̪e# {GOLD: #sot̪e#}
1137   | #sˌɑlt̪uˈɑːrium# | *#sˌɑɫt̪wˈɑrʝo# | *#sˌaɫt̪ˈie̯r# | *#sˌawt̪jˈer# | *#sˌoːt̪jˈer# | *#sot̪je# {GOLD: #sot̪je#}
1138   | #sˌɑlˈuːt̪em# | *#sˌɑlˈut̪ɛ# | *#sˌalˈyθ# | *#sˌalˈy# | *#sˌalˈy# | *#saly# {GOLD: #saly#}
1139   | #sˈɑlwɑm# | *#sˈɑɫβʷɑ# | *#sˈaɫvə# | *#sˈawvə# | *#sˈoːvə# | *#sov# {GOLD: #sov#}
1140   | #sˌɑlwˈɑt̪ikum# | *#sˌɑɫβʷˈɑt̪eko# | *#sˌaɫvˈad͡ʒə# | *#sˌawvˈaʒə# | *#sˌoːvˈaʒə# | *#sovaʒ# {GOLD: #sovaʒ#}
1141   | #sˌɑlwɑːt̪ˈoːrem# | *#sˌɑɫβʷɑt̪ˈorɛ# | *#sˌaɫvəðˈowr# | *#sˌawvəˈør# | *#sˌoːvə̯ˈør# | *#sovœʁ# {GOLD: #sovœʁ#}
1142   | #sˈɑlwiɑm# | *#sˈɑɫʝɑ# | *#sˈaɫd͡ʒə# | *#sˈawʒə# | *#sˈoːʒə# | *#soʒ# {GOLD: #soʒ#}
1143   | #sˈɑlwum# | *#sˈɑɫβʷo# | *#sˈaɫf# | *#sˈawf# | *#sˈoːf# | *#sof# {GOLD: #sof#}
1144   | #sˈɑːn̪ɑm# | *#sˈɑn̪ɑ# | *#sˈãj̃n̪ə# | *#sˈɛ̃j̃n̪ə# | *#sˈɛ̃n̪ə# | *#sɛn̪# {GOLD: #sɛn̪#}
1145   | #sˌɑːn̪it̪ˈɑːt̪em# | *#sˌɑn̪et̪ˈɑt̪ɛ# | *#sˌãn̪t̪ˈeːθ# | *#sˌãn̪t̪ˈe# | *#sˌãːt̪ˈe# | *#sɑ̃t̪e# {GOLD: #sɑ̃t̪e#}
1146   | #sˈɑn̪ɡwem# | *#sˈɑŋɡwɛ# | *#sˈãŋɡwə# | *#sˈãŋɡə# | *#sˈãːɡə# | *#sɑ̃ɡ# {GOLD: #sɑ̃#}
1147   | #sˌɑn̪ɡwisˈuːɡɑm# | *#sˌɑŋɡwesˈuɣɑ# | *#sˌãn̪sˈyə# | *#sˌãn̪sˈyə# | *#sˌãːsˈyː# | *#sɑ̃sy# {GOLD: #sɑ̃sy#}
1148   | #sˌɑːn̪kt̪it̪ˈɑːt̪em# | *#sˌɑŋt̪et̪ˈɑt̪ɛ# | *#sˌãj̃n̪t̪ʲˈie̯θ# | *#sˌɛ̃j̃n̪t̪ʲjˈe# | *#sˌɛ̃ːt̪ˈe# | *#sɛ̃t̪e# {GOLD: #sɛ̃t̪ət̪e#}
1149   | #sˈɑːn̪kt̪um# | *#sˈɑŋt̪o# | *#sˈãj̃n̪t̪# | *#sˈɛ̃j̃n̪t̪# | *#sˈɛ̃ːt̪# | *#sɛ̃# {GOLD: #sɛ̃#}
1150   | #sˈɑːn̪um# | *#sˈɑn̪o# | *#sˈãj̃n̪# | *#sˈɛ̃j̃n̪# | *#sˈɛ̃ː# | *#sɛ̃# {GOLD: #sɛ̃#}
1151   | #sˈɑpɑm# | *#sˈɑpɑ# | *#sˈeːvə# | *#sˈevə# | *#sˈevə# | *#sɛv# {GOLD: #sɛv#}
1152   | #sˌɑpˈɑwd̪iɑm# | *#sˌɑpˈɑwʝʝɑ# | *#sˌavˈɔjə# | *#sˌavwˈɛə# | *#sˌavwˈɛː# | *#savwa# {GOLD: #savwa#}
1153   | #sˌɑpˈeːre# | *#sˌɑpˈerɛ# | *#sˌavˈojr# | *#sˌavwˈɛr# | *#sˌavwˈɛr# | *#savwaʁ# {GOLD: #savwaʁ#}
1154   | #sˈɑpiɑm# | *#sˈɑpʝɑ# | *#sˈat͡ʃə# | *#sˈaʃə# | *#sˈaʃə# | *#saʃ# {GOLD: #saʃ#}
1155   | #sˈɑpid̪um# | *#sˈɑped̪o# | *#sˈad̪ə# | *#sˈad̪ə# | *#sˈad̪ə# | *#sad̪# {GOLD: #sad̪#}
1156   | #sˌɑpiˈen̪t̪em# | *#sˌɑpˈɛn̪t̪ɛ# | *#sˌavˈɛ̃n̪t̪# | *#sˌavˈãn̪t̪# | *#sˌavˈãːt̪# | *#savɑ̃# {GOLD: #savɑ̃#}
1157   | #sˌɑːpˈoːn̪em# | *#sˌɑpˈon̪ɛ# | *#sˌavˈũn̪# | *#sˌavˈũn̪# | *#sˌavˈũː# | *#savɔ̃# {GOLD: #savɔ̃#}
1158   | #sˌɑpˈoːrem# | *#sˌɑpˈorɛ# | *#sˌavˈowr# | *#sˌavˈør# | *#sˌavˈør# | *#savœʁ# {GOLD: #savœʁ#}
1159   | #sˌɑppˈiːn̪um# | *#sˌɑppˈin̪o# | *#sˌapˈin̪# | *#sˌapˈĩn̪# | *#sˌapˈẽː# | *#sapɛ̃# {GOLD: #sapɛ̃#}
1160   | #sˌɑrmˈen̪t̪um# | *#sˌɑrmˈɛn̪t̪o# | *#sˌarmˈɛ̃n̪t̪# | *#sˌarmˈãn̪t̪# | *#sˌarmˈãːt̪# | *#saʁmɑ̃# {GOLD: #saʁmɑ̃#}
1161   | #sˌɑt̪iˈoːn̪em# | *#sˌɑt͡sʲʝˈon̪ɛ# | *#sˌajzˈũn̪# | *#sˌɛzˈũn̪# | *#sˌɛzˈũː# | *#sɛzɔ̃# {GOLD: #sɛzɔ̃#}
1162   | #sˌɑt̪ˈullum# | *#sˌɑt̪ˈollo# | *#sˌaðˈol# | *#sˌaˈu# | *#sˈu# | *#su# {GOLD: #su#}
1163   | #sˌɑwkˈoːn̪ɑm# | *#sˌɑwkˈon̪ɑ# | *#sˌɔwˈũn̪ə# | *#sˌuˈũn̪ə# | *#sˈũːn̪ə# | *#son̪# {GOLD: #son̪#}
1164   | #sˈeː# | *#sˈe# | *#sˈej# | *#swˈɛ# | *#swˈɛ# | *#swa# {GOLD: #swa#}
1165   | #sˌed̪ˈeːre# | *#sˌɛd̪ˈerɛ# | *#sˌəðˈejr# | *#sˌəwˈɛr# | *#sə̯wˈɛr# | *#swaʁ# {GOLD: #swaʁ#}
1166   | #sˈeːd̪ikum# | *#sˈed̪eko# | *#sˈie̯d͡ʒə# | *#sjˈeʒə# | *#sjˈeʒə# | *#sjɛʒ# {GOLD: #sjɛʒ#}
1167   | #sˈeks# | *#sˈɛxs# | *#sˈis# | *#sˈiːs# | *#sˈiːs# | *#sis# {GOLD: #sis#}
1168   | #sˌeksˈɑn̪t̪ɑm# | *#sˌɛxsˈɑn̪t̪ɑ# | *#sˌejsˈãn̪t̪ə# | *#swˌɛsˈãn̪t̪ə# | *#swˌɛsˈãːt̪ə# | *#swasɑ̃t̪# {GOLD: #swasɑ̃t̪#}
1169   | #sˌeːkˈuːrɑm# | *#sˌekˈurɑ# | *#sˌəˈyrə# | *#sˌəˈyrə# | *#sə̯ˈyrə# | *#syʁ# {GOLD: #syʁ#}
1170   | #sˌeːkˈuːrum# | *#sˌekˈuro# | *#sˌəˈyr# | *#sˌəˈyr# | *#sə̯ˈyr# | *#syʁ# {GOLD: #syʁ#}
1171   | #sˈekwere# | *#sˈɛkwɛrɛ# | *#sˈyjvrə# | *#sɥˈivrə# | *#sɥˈivrə# | *#sɥivʁ# {GOLD: #sɥivʁ#}
1172   | #sˈekwet# | *#sˈɛkwɛt# | *#sˈyjt# | *#sɥˈit# | *#sɥˈit# | *#sɥi# {GOLD: #sɥi#}
1173   | #sˈekwo# | *#sˈɛkɔ# | *#sˈi# | *#sˈi# | *#sˈi# | *#si# {GOLD: #sɥi#}
1174   | #sˈellɑm# | *#sˈɛllɑ# | *#sˈɛlə# | *#sˈɛlə# | *#sˈɛlə# | *#sɛl# {GOLD: #sɛl#}
1175   | #sˈejor# | *#sˈɛʝɔr# | *#sˈirə# | *#sˈirə# | *#sˈirə# | *#siʁ# {GOLD: #siʁ#}
1176   | #sˈeːmit̪ɑm# | *#sˈemet̪ɑ# | *#sˈẽmt̪ə# | *#sˈãn̪t̪ə# | *#sˈãːt̪ə# | *#sɑ̃t̪# {GOLD: #sɑ̃t̪#}
1177   | #sˌen̪iˈoːrem# | *#sˌɛn̪ʝˈorɛ# | *#sˌẽj̃ɲˈowr# | *#sˌɛ̃j̃ɲˈør# | *#sˌɛ̃ɲˈør# | *#sɛɲœʁ# {GOLD: #sɛɲœʁ#}
1178   | #sˈen̪sum# | *#sˈeso# | *#sˈejs# | *#swˈɛːs# | *#swˈɛːs# | *#swa# {GOLD: #sɑ̃s#}
1179   | #sˌen̪t̪ˈiːre# | *#sˌɛn̪t̪ˈirɛ# | *#sˌẽn̪t̪ˈir# | *#sˌãn̪t̪ˈir# | *#sˌãːt̪ˈir# | *#sɑ̃t̪iʁ# {GOLD: #sɑ̃t̪iʁ#}
1180   | #sˈeːpem# | *#sˈepɛ# | *#sˈejf# | *#swˈɛf# | *#swˈɛf# | *#swaf# {GOLD: #swaf#}
1181   | #sˈept̪em# | *#sˈɛpt̪ɛ# | *#sˈɛt̪# | *#sˈɛt̪# | *#sˈɛt̪# | *#sɛ# {GOLD: #sɛt̪#}
1182   | #sˌept̪imˈɑːn̪ɑm# | *#sˌɛpt̪emˈɑn̪ɑ# | *#sˌeðmˈãj̃n̪ə# | *#sˌəmˈɛ̃j̃n̪ə# | *#sˌəmˈɛ̃n̪ə# | *#səmɛn̪# {GOLD: #səmɛn̪#}
1183   | #sˈeːrikɑm# | *#sˈerekɑ# | *#sˈerd͡ʒə# | *#sˈɛrʒə# | *#sˈɛrʒə# | *#sɛʁʒ# {GOLD: #sɛʁʒ#}
1184   | #sˈeːroː# | *#sˈero# | *#sˈejr# | *#swˈɛr# | *#swˈɛr# | *#swaʁ# {GOLD: #swaʁ#}
1185   | #sˌerpˈen̪t̪em# | *#sˌɛrpˈɛn̪t̪ɛ# | *#sˌɛrpˈɛ̃n̪t̪# | *#sˌɛrpˈãn̪t̪# | *#sˌɛrpˈãːt̪# | *#sɛʁpɑ̃# {GOLD: #sɛʁpɑ̃#}
1186   | #sˈerwɑm# | *#sˈɛrβʷɑ# | *#sˈɛrvə# | *#sˈɛrvə# | *#sˈɛrvə# | *#sɛʁv# {GOLD: #sɛʁv#}
1187   | #sˌerwˈiːre# | *#sˌɛrβʷˈirɛ# | *#sˌɛrvˈir# | *#sˌɛrvˈir# | *#sˌɛrvˈir# | *#sɛʁviʁ# {GOLD: #sɛʁviʁ#}
1188   | #sˈerwit̪# | *#sˈɛrβʷet̪# | *#sˈɛrt̪# | *#sˈɛrt̪# | *#sˈɛrt̪# | *#sɛʁ# {GOLD: #sɛʁ#}
1189   | #sˈerwoːs# | *#sˈɛrβʷos# | *#sˈɛrs# | *#sˈɛrs# | *#sˈɛrs# | *#sɛʁ# {GOLD: #sɛʁ#}
1190   | #sˈerwum# | *#sˈɛrβʷo# | *#sˈɛrf# | *#sˈɛrf# | *#sˈɛrf# | *#sɛʁf# {GOLD: #sɛʁ#}
1191   | #sˈeːt̪ɑm# | *#sˈet̪ɑ# | *#sˈejðə# | *#sˈajə# | *#sˈɛː# | *#sɛ# {GOLD: #swa#}
1192   | #sˈiː# | *#sˈi# | *#sˈi# | *#sˈi# | *#sˈi# | *#si# {GOLD: #si#}
1193   | #sˌiɡˈelloːs# | *#sˌeʝˈɛllos# | *#sˌəˈɛɫs# | *#sˌəe̯ˈaws# | *#sə̯ˈoːs# | *#so# {GOLD: #so#}
1194   | #sˌiɡˈellum# | *#sˌeʝˈɛllo# | *#sˌəˈɛl# | *#sˌəe̯ˈaw# | *#sə̯ˈoː# | *#so# {GOLD: #so#}
1195   | #sˈiɡn̪um# | *#sˈeŋn̪o# | *#sˈẽj̃ɲ# | *#sˈɛ̃j̃ɲ# | *#sˈɛ̃ː# | *#sɛ̃# {GOLD: #sɛ̃#}
1196   | #sˈiːk# | *#sˈik# | *#sˈi# | *#sˈi# | *#sˈi# | *#si# {GOLD: #si#}
1197   | #sˈikkɑm# | *#sˈekkɑ# | *#sˈet͡ʃə# | *#sˈɛʃə# | *#sˈɛʃə# | *#sɛʃ# {GOLD: #sɛʃ#}
1198   | #sˈikkum# | *#sˈekko# | *#sˈek# | *#sˈɛk# | *#sˈɛk# | *#sɛk# {GOLD: #sɛk#}
1199   | #sˌimilˈɑːre# | *#sˌemelˈɑrɛ# | *#sˌẽmblˈeːr# | *#sˌãn̪blˈer# | *#sˌãːblˈer# | *#sɑ̃ble# {GOLD: #sɑ̃ble#}
1200   | #sˈiːmium# | *#sˈimʝo# | *#sˈin̪d͡ʒə# | *#sˈĩn̪ʒə# | *#sˈẽːʒə# | *#sɛ̃ʒ# {GOLD: #sɛ̃ʒ#}
1201   | #sˌen̪t̪ium# | *#sˌɛn̪t͡sʲʝo# | *#sˌẽn̪t͡sʲ# | *#sˌãn̪sʲ# | *#sˌãːs# | *#sɑ̃# {GOLD: #sɑ̃#}
1202   | #sˌin̪ɡlˈut̪t̪um# | *#sˌeŋɡlˈot̪t̪o# | *#sˌẽŋɡlˈot̪# | *#sˌãŋɡlˈɔt̪# | *#sˌãːɡlˈɔt̪# | *#sɑ̃ɡlo# {GOLD: #sɑ̃ɡlo#}
1203   | #sˌin̪ɡulˈɑːrem# | *#sˌeŋɡolˈɑrɛ# | *#sˌẽŋɡlˈeːr# | *#sˌãŋɡlˈer# | *#sˌãːɡlˈer# | *#sɑ̃ɡle# {GOLD: #sɑ̃ɡlie#}
1204   | #sˈin̪um# | *#sˈen̪o# | *#sˈẽj̃n̪# | *#sˈɛ̃j̃n̪# | *#sˈɛ̃ː# | *#sɛ̃# {GOLD: #sɛ̃#}
1205   | #sˌit̪ˈellum# | *#sˌet̪ˈɛllo# | *#sˌəðˈɛl# | *#sˌəe̯ˈaw# | *#sə̯ˈoː# | *#so# {GOLD: #so#}
1206   | #skˌin̪t̪ˈillɑ# | *#ˌescˌen̪t̪ˈellɑ# | *#ˌejsˌẽn̪t̪ˈelə# | *#wˌɛsˌãn̪t̪ˈɛlə# | *#wˌɛsˌãːt̪ˈɛlə# | *#wasɑ̃t̪ɛl# {GOLD: #et̪ɛ̃sɛl#}
1207   | #skˈort̪eɑ# | *#ˌeskˈɔrt͡sʲʝɑ# | *#ˌeskˈɔrt͡sʲə# | *#ˌekˈɔrsʲə# | *#ˌekˈɔrsə# | *#ekɔʁs# {GOLD: #ekɔʁs#}
1208   | #skˌuːt̪ˈɑːrium# | *#ˌeskˌut̪ˈɑrʝo# | *#ˌeskˌyðˈie̯r# | *#ˌekɥˌiˈer# | *#ˌekɥˌiˈer# | *#ekɥije# {GOLD: #ekɥije#}
1209   | #skˌuːt̪ˈellɑ# | *#ˌeskˌut̪ˈɛllɑ# | *#ˌeskˌyðˈɛlə# | *#ˌekˌyˈɛlə# | *#ˌekˌyˈɛlə# | *#ekɥɛl# {GOLD: #ekɥɛl#}
1210   | #sˌolid̪ˈɑːre# | *#sˌɔled̪ˈɑrɛ# | *#sˌɔɫd̪ˈeːr# | *#sˌud̪ˈer# | *#sˌud̪ˈer# | *#sud̪e# {GOLD: #sud̪e#}
1211   | #sˌolˈikulum# | *#sˌɔlˈeklo# | *#sˌolˈeʎ# | *#sˌɔlˈɛʎ# | *#sˌɔlˈɛʎ# | *#sɔlɛj# {GOLD: #sɔlɛj#}
1212   | #sˌolit̪ˈɑːrium# | *#sˌɔlet̪ˈɑrʝo# | *#sˌɔɫt̪ˈie̯r# | *#sˌut̪jˈer# | *#sˌut̪jˈer# | *#sut̪je# {GOLD: #sulje#}
1213   | #sˌollˈikit̪um# | *#sˌɔllˈecet̪o# | *#sˌɔlˈejt̪# | *#sˌɔlwˈɛt̪# | *#sˌɔlwˈɛt̪# | *#sɔlwa# {GOLD: #sɔlwa#}
1214   | #sˈoːlum# | *#sˈolo# | *#sˈowl# | *#sˈølə# | *#sˈølə# | *#sœl# {GOLD: #sœl#}
1215   | #sˈomn̪ium# | *#sˈɔmn̪ʝo# | *#sˈũmd͡ʒə# | *#sˈũn̪ʒə# | *#sˈũːʒə# | *#sɔ̃ʒ# {GOLD: #sɔ̃ʒ#}
1216   | #sˈon̪um# | *#sˈɔn̪o# | *#sˈũn̪# | *#sˈũn̪# | *#sˈũː# | *#sɔ̃# {GOLD: #sɔ̃#}
1217   | #sˌoːrˈiːkem# | *#sˌorˈicɛ# | *#sˌorˈit͡sʲ# | *#sˌurˈisʲ# | *#sˌurˈis# | *#suʁi# {GOLD: #suʁi#}
1218   | #sˈoror# | *#sˈɔrɔr# | *#sˈye̯r# | *#sˈør# | *#sˈør# | *#sœʁ# {GOLD: #sœʁ#}
1219   | #sˈort̪em# | *#sˈɔrt̪ɛ# | *#sˈɔrt̪# | *#sˈɔrt̪# | *#sˈɔrt̪# | *#sɔʁ# {GOLD: #sɔʁ#}
1220   | #sˌort̪iˈɑːrium# | *#sˌɔrt͡sʲʝˈɑrʝo# | *#sˌɔrt͡sʲˈie̯r# | *#sˌɔrsʲjˈer# | *#sˌɔrsˈer# | *#sɔʁse# {GOLD: #sɔʁsje#}
1221   | #sˈot̪t̪um# | *#sˈɔt̪t̪o# | *#sˈɔt̪# | *#sˈɔt̪# | *#sˈɔt̪# | *#so# {GOLD: #so#}
1222   | #spˈɑt̪ʰɑ# | *#ˌespˈɑt̪ɑ# | *#ˌespˈeːðə# | *#ˌepˈeə# | *#ˌepˈeː# | *#epe# {GOLD: #epe#}
1223   | #spˈiːkum# | *#ˌespˈiko# | *#ˌespˈi# | *#ˌepˈi# | *#ˌepˈi# | *#epi# {GOLD: #epi#}
1224   | #spˈiːn̪ɑm# | *#ˌespˈin̪ɑ# | *#ˌespˈin̪ə# | *#ˌepˈĩn̪ə# | *#ˌepˈin̪ə# | *#epin̪# {GOLD: #epin̪#}
1225   | #spˈiːn̪ɡulɑm# | *#ˌespˈiŋɡlɑ# | *#ˌespˈiŋɡlə# | *#ˌepˈĩŋɡlə# | *#ˌepˈẽːɡlə# | *#epɛ̃ɡl# {GOLD: #epɛ̃ɡl#}
1226   | #spˈon̪sɑm# | *#ˌespˈosɑ# | *#ˌespˈuzə# | *#ˌepˈuzə# | *#ˌepˈuzə# | *#epuz# {GOLD: #epuz#}
1227   | #spˈon̪sum# | *#ˌespˈoso# | *#ˌespˈus# | *#ˌepˈuːs# | *#ˌepˈuːs# | *#epu# {GOLD: #epu#}
1228   | #spˈissɑm# | *#ˌespˈessɑ# | *#ˌespˈesə# | *#ˌepˈɛːsə# | *#ˌepˈɛːsə# | *#epɛs# {GOLD: #epɛs#}
1229   | #spˈissum# | *#ˌespˈesso# | *#ˌespˈes# | *#ˌepˈɛːs# | *#ˌepˈɛːs# | *#epɛ# {GOLD: #epɛ#}
1230   | #st̪ˈɑɡn̪um# | *#ˌest̪ˈɑŋn̪o# | *#ˌest̪ˈãj̃ɲ# | *#ˌet̪ˈɛ̃j̃ɲ# | *#ˌet̪ˈɛ̃ː# | *#et̪ɛ̃# {GOLD: #et̪ɛ̃#}
1231   | #st̪ˈɑːmen̪# | *#ˌest̪ˈɑmɛ# | *#ˌest̪ˈãj̃n̪# | *#ˌet̪ˈɛ̃j̃n̪# | *#ˌet̪ˈɛ̃ː# | *#et̪ɛ̃# {GOLD: #et̪ɛ̃#}
1232   | #st̪ˈeːlɑm# | *#ˌest̪ˈelɑ# | *#ˌest̪ˈejlə# | *#ˌet̪wˈɛlə# | *#ˌet̪wˈɛlə# | *#et̪wal# {GOLD: #et̪wal#}
1233   | #st̪rˌɑn̪ɡulˈɑːre# | *#ˌest̪rˌɑŋɡolˈɑrɛ# | *#ˌest̪rˌãŋɡlˈeːr# | *#ˌet̪rˌãŋɡlˈer# | *#ˌet̪rˌãːɡlˈer# | *#et̪ʁɑ̃ɡle# {GOLD: #et̪ʁɑ̃ɡle#}
1234   | #st̪rˈeːn̪ɑm# | *#ˌest̪rˈen̪ɑ# | *#ˌest̪rˈẽj̃n̪ə# | *#ˌet̪rˈɛ̃j̃n̪ə# | *#ˌet̪rˈɛ̃n̪ə# | *#et̪ʁɛn̪# {GOLD: #et̪ʁɛn̪#}
1235   | #st̪rˈikt̪ɑm# | *#ˌest̪rˈext̪ɑ# | *#ˌest̪rˈejt̪ə# | *#ˌet̪rwˈɛt̪ə# | *#ˌet̪rwˈɛt̪ə# | *#et̪ʁwat̪# {GOLD: #et̪ʁwat̪#}
1236   | #st̪rˈikt̪um# | *#ˌest̪rˈext̪o# | *#ˌest̪rˈejt̪# | *#ˌet̪rwˈɛt̪# | *#ˌet̪rwˈɛt̪# | *#et̪ʁwa# {GOLD: #et̪ʁwa#}
1237   | #st̪ˌurn̪ˈellum# | *#ˌest̪ˌorn̪ˈɛllo# | *#ˌest̪ˌorn̪ˈɛl# | *#ˌet̪ˌurn̪e̯ˈaw# | *#ˌet̪ˌurn̪ə̯ˈoː# | *#et̪uʁn̪o# {GOLD: #et̪uʁn̪o#}
1238   | #sˈuɑ# | *#sˈoɑ# | *#sˈowə# | *#sˈøə# | *#sˈøː# | *#sø# {GOLD: #sø#}
1239   | #suˌɑ# | *#swˌɑ# | *#sˌa# | *#sˌa# | *#sˌa# | *#sa# {GOLD: #sa#}
1240   | #suˌɑːs# | *#swˌɑs# | *#sˌas# | *#sˌas# | *#sˌas# | *#sa# {GOLD: #sɛ#}
1241   | #sˌubd̪iˈurn̪um# | *#sˌobɟʝˈorn̪o# | *#sˌəd͡ʒˈor# | *#sˌəʒˈur# | *#sˌəʒˈur# | *#səʒuʁ# {GOLD: #seʒuʁ#}
1242   | #sˌubit̪ˈɑːn̪um# | *#sˌoβet̪ˈɑn̪o# | *#sˌod̪ˈãj̃n̪# | *#sˌud̪ˈɛ̃j̃n̪# | *#sˌud̪ˈɛ̃ː# | *#sud̪ɛ̃# {GOLD: #sud̪ɛ̃#}
1243   | #sˌublˌon̪ɡum# | *#sˌoβlˌɔŋɡo# | *#sˌoblˌũŋk# | *#sˌublˌũŋk# | *#sˌublˌũːk# | *#sublɔ̃# {GOLD: #səlɔ̃#}
1244   | #sˌubmˈoːn̪ere# | *#sˌommˈon̪rɛ# | *#sˌũmˈũn̪d̪rə# | *#sˌũmˈũn̪d̪rə# | *#sˌũmˈũːd̪rə# | *#sɔmɔ̃d̪ʁ# {GOLD: #səmɔ̃d̪ʁ#}
1245   | #sˌubmˌustˈɑːre# | *#sˌommˌostˈɑrɛ# | *#sˌũmˌostˈeːr# | *#sˌũmˌuːtˈer# | *#sˌũmˌuːtˈer# | *#sɔmute# {GOLD: #səmute#}
1246   | #sˌuːd̪ˈɑːre# | *#sˌud̪ˈɑrɛ# | *#sˌyðˈeːr# | *#sˌyˈer# | *#sˌyˈer# | *#sɥeʁ# {GOLD: #sɥe#}
1247   | #sˌuːd̪ˈɑːrium# | *#sˌud̪ˈɑrʝo# | *#sˌyðˈie̯r# | *#sɥˌiˈer# | *#sɥˌiˈer# | *#sɥjeʁ# {GOLD: #sɥɛʁ#}
1248   | #sˈuːd̪iɑm# | *#sˈuʝʝɑ# | *#sˈyjə# | *#sɥˈiə# | *#sɥˈiː# | *#sɥi# {GOLD: #sɥi#}
1249   | #sˌuːd̪ˈoːrem# | *#sˌud̪ˈorɛ# | *#sˌyðˈowr# | *#sˌyˈør# | *#sˌyˈør# | *#sɥœʁ# {GOLD: #sɥœʁ#}
1250   | #suˌessiˈoːn̪is# | *#swˌessʝˈon̪es# | *#sˌejsˈũn̪s# | *#swˌɛsˈũn̪s# | *#swˌɛsˈũːs# | *#swasɔ̃# {GOLD: #swasɔ̃#}
1251   | #sˈukkum# | *#sˈokko# | *#sˈok# | *#sˈɔk# | *#sˈɔk# | *#sɔk# {GOLD: #sɔk#}
1252   | #sˌuːkt̪iˈɑːre# | *#sˌuxt͡sʲʝˈɑrɛ# | *#sˌyt͡sʲˈie̯r# | *#sˌysʲjˈer# | *#sˌysˈer# | *#syse# {GOLD: #syse#}
1253   | #sˈummɑm# | *#sˈommɑ# | *#sˈũmə# | *#sˈũmə# | *#sˈũmə# | *#sɔm# {GOLD: #sɔm#}
1254   | #sˌummˈɑːrium# | *#sˌommˈɑrʝo# | *#sˌũmˈie̯r# | *#sˌũmjˈer# | *#sˌũmjˈer# | *#sɔmje# {GOLD: #sɔmje#}
1255   | #sˈun̪t̪# | *#sˈon̪t̪# | *#sˈũn̪t̪# | *#sˈũn̪t̪# | *#sˈũːt̪# | *#sɔ̃# {GOLD: #sɔ̃#}
1256   | #sˌuperˈɑːn̪um# | *#sˌopɛrˈɑn̪o# | *#sˌovrˈãj̃n̪# | *#sˌuvrˈɛ̃j̃n̪# | *#sˌuvrˈɛ̃ː# | *#suvʁɛ̃# {GOLD: #suvʁɛ̃#}
1257   | #sˌuperkˈilium# | *#sˌopɛrcˈelʝo# | *#sˌowrt͡sʲˈiʎ# | *#sˌɔrsʲˈiʎ# | *#sˌɔrsˈi# | *#sɔʁsi# {GOLD: #suʁsi#}
1258   | #sˈuppɑm# | *#sˈoppɑ# | *#sˈopə# | *#sˈupə# | *#sˈupə# | *#sup# {GOLD: #sup#}
1259   | #sˈurd̪ɑm# | *#sˈord̪ɑ# | *#sˈord̪ə# | *#sˈurd̪ə# | *#sˈurd̪ə# | *#suʁd̪# {GOLD: #suʁd̪#}
1260   | #sˈurd̪um# | *#sˈord̪o# | *#sˈort̪# | *#sˈurt̪# | *#sˈurt̪# | *#suʁ# {GOLD: #suʁ#}
1261   | #sˈuːrsum# | *#sˈuso# | *#sˈys# | *#sˈyːs# | *#sˈyːs# | *#sy# {GOLD: #sy#}
1262   | #sˌuspekt̪iˈoːn̪em# | *#sˌospɛxt͡sʲʝˈon̪ɛ# | *#sˌospət͡sʲˈũn̪# | *#sˌuːpəsʲˈũn̪# | *#sˌuːpəsˈũː# | *#supəsɔ̃# {GOLD: #supsɔ̃#}
1263   | #suˌum# | *#swˌom# | *#sˌũn̪# | *#sˌũn̪# | *#sˌũː# | *#sɔ̃# {GOLD: #sɔ̃#}
1264   | #t͡srˈokn̪ɑm# | *#frˈɔkn̪ɑ# | *#frˈũɲə# | *#frˈũɲə# | *#frˈũɲə# | *#fʁɔɲ# {GOLD: #fʁɔɲ#}
1265   | #t͡sˈukkɑm# | *#t͡sˈokkɑ# | *#t͡sˈot͡ʃə# | *#sˈuʃə# | *#sˈuʃə# | *#suʃ# {GOLD: #suʃ#}
1266   | #t̪ˌɑbˈern̪ɑm# | *#t̪ˌɑβˈɛrn̪ɑ# | *#t̪ˌavˈɛrn̪ə# | *#t̪ˌavˈɛrn̪ə# | *#t̪ˌavˈɛrn̪ə# | *#t̪avɛʁn̪# {GOLD: #t̪avɛʁn̪#}
1267   | #t̪ˌɑbˈoːn̪em# | *#t̪ˌɑβˈon̪ɛ# | *#t̪ˌaˈũn̪# | *#t̪ˌaˈũn̪# | *#t̪ˈãː# | *#t̪ɑ̃# {GOLD: #t̪ɑ̃#}
1268   | #t̪ˈɑbulɑm# | *#t̪ˈɑβlɑ# | *#t̪ˈablə# | *#t̪ˈablə# | *#t̪ˈablə# | *#t̪abl# {GOLD: #t̪abl#}
1269   | #t̪ˈɑkkɑm# | *#t̪ˈɑkkɑ# | *#t̪ˈat͡ʃə# | *#t̪ˈaʃə# | *#t̪ˈaʃə# | *#t̪aʃ# {GOLD: #t̪aʃ#}
1270   | #t̪ˌɑkkˈoːn̪em# | *#t̪ˌɑkkˈon̪ɛ# | *#t̪ˌakˈũn̪# | *#t̪ˌakˈũn̪# | *#t̪ˌakˈũː# | *#t̪akɔ̃# {GOLD: #t̪akɔ̃#}
1271   | #t̪ˌɑksoːn̪ˈɑːriɑm# | *#t̪ˌɑxson̪ˈɑrʝɑ# | *#t̪ˌajzn̪ˈie̯rə# | *#t̪ˌɛ̃j̃n̪jˈerə# | *#t̪ˌɛ̃n̪jˈerə# | *#t̪ɛn̪jɛʁ# {GOLD: #t̪an̪jɛʁ#}
1272   | #t̪ˌɑksˈoːn̪em# | *#t̪ˌɑxsˈon̪ɛ# | *#t̪ˌajsˈũn̪# | *#t̪ˌɛsˈũn̪# | *#t̪ˌɛsˈũː# | *#t̪ɛsɔ̃# {GOLD: #t̪ɛsɔ̃#}
1273   | #t̪ˌɑkˈuːt̪um# | *#t̪ˌɑkˈut̪o# | *#t̪ˌəˈyθ# | *#t̪ˌəˈy# | *#t̪ə̯ˈy# | *#t̪y# {GOLD: #t̪y#}
1274   | #t̪ˈɑːlem# | *#t̪ˈɑlɛ# | *#t̪ˈeːl# | *#t̪ˈel# | *#t̪ˈel# | *#t̪ɛl# {GOLD: #t̪ɛl#}
1275   | #t̪ˈɑːleːs# | *#t̪ˈɑles# | *#t̪ˈaɫs# | *#t̪ˈaws# | *#t̪ˈoːs# | *#t̪o# {GOLD: #t̪jø#}
1276   | #t̪ˌɑliˈɑːre# | *#t̪ˌɑlʝˈɑrɛ# | *#t̪ˌaʎˈie̯r# | *#t̪ˌaʎjˈer# | *#t̪ˌaʎˈer# | *#t̪aje# {GOLD: #t̪aje#}
1277   | #t̪ˌɑlˈoːn̪em# | *#t̪ˌɑlˈon̪ɛ# | *#t̪ˌalˈũn̪# | *#t̪ˌalˈũn̪# | *#t̪ˌalˈũː# | *#t̪alɔ̃# {GOLD: #t̪alɔ̃#}
1278   | #t̪ˈɑlpɑm# | *#t̪ˈɑɫpɑ# | *#t̪ˈaɫpə# | *#t̪ˈawpə# | *#t̪ˈoːpə# | *#t̪op# {GOLD: #t̪op#}
1279   | #t̪ˌɑlˈuːt̪um# | *#t̪ˌɑlˈut̪o# | *#t̪ˌalˈyθ# | *#t̪ˌalˈy# | *#t̪ˌalˈy# | *#t̪aly# {GOLD: #t̪aly#}
1280   | #t̪ˌɑmˈesium# | *#t̪ˌɑmˈɛsʝo# | *#t̪ˌãmˈis# | *#t̪ˌãmˈiːs# | *#t̪ˌãmˈiːs# | *#t̪ami# {GOLD: #t̪ami#}
1281   | #t̪ˈɑn̪n̪um# | *#t̪ˈɑn̪n̪o# | *#t̪ˈãn̪# | *#t̪ˈãn̪# | *#t̪ˈãː# | *#t̪ɑ̃# {GOLD: #t̪ɑ̃#}
1282   | #t̪ˈɑn̪t̪um# | *#t̪ˈɑn̪t̪o# | *#t̪ˈãn̪t̪# | *#t̪ˈãn̪t̪# | *#t̪ˈãːt̪# | *#t̪ɑ̃# {GOLD: #t̪ɑ̃#}
1283   | #t̪ˈɑrd̪ɑm# | *#t̪ˈɑrd̪ɑ# | *#t̪ˈard̪ə# | *#t̪ˈard̪ə# | *#t̪ˈard̪ə# | *#t̪aʁd̪# {GOLD: #t̪aʁd̪#}
1284   | #t̪ˈɑrd̪um# | *#t̪ˈɑrd̪o# | *#t̪ˈart̪# | *#t̪ˈart̪# | *#t̪ˈart̪# | *#t̪aʁ# {GOLD: #t̪aʁ#}
1285   | #t̪ˈeː# | *#t̪ˈe# | *#t̪ˈej# | *#t̪wˈɛ# | *#t̪wˈɛ# | *#t̪wa# {GOLD: #t̪wa#}
1286   | #t̪ʰˈeːkɑm# | *#t̪ˈekɑ# | *#t̪ˈejə# | *#t̪wˈɛə# | *#t̪wˈɛː# | *#t̪wa# {GOLD: #t̪ɛ#}
1287   | #t̪ˈeːkt̪um# | *#t̪ˈext̪o# | *#t̪ˈejt̪# | *#t̪wˈɛt̪# | *#t̪wˈɛt̪# | *#t̪wa# {GOLD: #t̪wa#}
1288   | #t̪ˈeːlɑm# | *#t̪ˈelɑ# | *#t̪ˈejlə# | *#t̪wˈɛlə# | *#t̪wˈɛlə# | *#t̪wal# {GOLD: #t̪wal#}
1289   | #t̪ˌempˈest̪ɑ# | *#t̪ˌɛmpˈɛst̪ɑ# | *#t̪ˌẽmpˈɛst̪ə# | *#t̪ˌãn̪pˈɛːt̪ə# | *#t̪ˌãːpˈɛːt̪ə# | *#t̪ɑ̃pɛt̪# {GOLD: #t̪ɑ̃pɛt̪#}
1290   | #t̪ˈempus# | *#t̪ˈɛmpos# | *#t̪ˈɛ̃ms# | *#t̪ˈãn̪s# | *#t̪ˈãːs# | *#t̪ɑ̃# {GOLD: #t̪ɑ̃#}
1291   | #t̪ˌen̪ˈɑkulɑ# | *#t̪ˌɛn̪ˈɑklɑ# | *#t̪ˌən̪ˈaʎə# | *#t̪ˌən̪ˈaʎə# | *#t̪ˌən̪ˈaʎə# | *#t̪ən̪ɑj# {GOLD: #t̪ən̪ɑj#}
1292   | #t̪ˈen̪d̪ere# | *#t̪ˈɛn̪d̪ɛrɛ# | *#t̪ˈɛ̃n̪d̪rə# | *#t̪ˈãn̪d̪rə# | *#t̪ˈãːd̪rə# | *#t̪ɑ̃d̪ʁ# {GOLD: #t̪ɑ̃d̪ʁ#}
1293   | #t̪ˈen̪eɑt̪# | *#t̪ˈɛn̪ʝɑt̪# | *#t̪ˈie̯ɲəθ# | *#t̪jˈẽɲə# | *#t̪jˈẽɲə# | *#t̪jɛɲ# {GOLD: #t̪jɛn̪#}
1294   | #t̪ˈen̪en̪t̪# | *#t̪ˈɛn̪ɛn̪t̪# | *#t̪ˈie̯n̪ən̪t̪# | *#t̪jˈẽn̪ət̪# | *#t̪jˈẽn̪ə# | *#t̪jɛn̪# {GOLD: #t̪jɛn̪#}
1295   | #t̪ˈen̪eo# | *#t̪ˈɛn̪ʝɔ# | *#t̪ˈie̯ɲ# | *#t̪jˈẽɲ# | *#t̪jˈẽː# | *#t̪jɛ̃# {GOLD: #t̪jɛ̃#}
1296   | #t̪ˈen̪erum# | *#t̪ˈɛn̪ro# | *#t̪ˈɛ̃n̪d̪rə# | *#t̪ˈãn̪d̪rə# | *#t̪ˈãːd̪rə# | *#t̪ɑ̃d̪ʁ# {GOLD: #t̪ɑ̃d̪ʁ#}
1297   | #t̪ˈen̪et# | *#t̪ˈɛn̪ɛt# | *#t̪ˈie̯n̪t# | *#t̪jˈẽn̪t# | *#t̪jˈẽːt# | *#t̪jɛ̃# {GOLD: #t̪jɛ̃#}
1298   | #t̪ˌen̪ˈiːre# | *#t̪ˌɛn̪ˈirɛ# | *#t̪ˌən̪ˈir# | *#t̪ˌən̪ˈir# | *#t̪ˌən̪ˈir# | *#t̪ən̪iʁ# {GOLD: #t̪ən̪iʁ#}
1299   | #t̪ˈeːn̪sɑm# | *#t̪ˈesɑ# | *#t̪ˈejzə# | *#t̪wˈɛzə# | *#t̪wˈɛzə# | *#t̪waz# {GOLD: #t̪waz#}
1300   | #t̪ˌen̪t̪iˈɑːre# | *#t̪ˌɛn̪t͡sʲʝˈɑrɛ# | *#t̪ˌẽn̪t͡sʲˈie̯r# | *#t̪ˌãn̪sʲjˈer# | *#t̪ˌãːsˈer# | *#t̪ɑ̃se# {GOLD: #t̪ɑ̃se#}
1301   | #t̪ˈepid̪um# | *#t̪ˈɛped̪o# | *#t̪ˈie̯d̪ə# | *#t̪jˈed̪ə# | *#t̪jˈed̪ə# | *#t̪jɛd̪# {GOLD: #t̪jɛd̪#}
1302   | #t̪ˌerrˈeːn̪um# | *#t̪ˌɛrrˈen̪o# | *#t̪ˌerrˈẽj̃n̪# | *#t̪ˌerˈɛ̃j̃n̪# | *#t̪ˌerˈɛ̃ː# | *#t̪eʁɛ̃# {GOLD: #t̪əʁɛ̃#}
1303   | #t̪ˈerrɑm# | *#t̪ˈɛrrɑ# | *#t̪ˈɛrrə# | *#t̪ˈɛrə# | *#t̪ˈɛrə# | *#t̪ɛʁ# {GOLD: #t̪ɛʁ#}
1304   | #t̪ˈert̪iɑm# | *#t̪ˈɛrt͡sʲʝɑ# | *#t̪ˈie̯rt͡sʲə# | *#t̪jˈersʲə# | *#t̪jˈersə# | *#t̪jɛʁs# {GOLD: #t̪jɛʁs#}
1305   | #t̪ˈert̪ium# | *#t̪ˈɛrt͡sʲʝo# | *#t̪ˈie̯rt͡sʲ# | *#t̪jˈersʲ# | *#t̪jˈers# | *#t̪jɛʁ# {GOLD: #t̪jɛʁ#}
1306   | #t̪ˌest̪imˈoːn̪ium# | *#t̪ˌɛst̪emˈon̪ʝo# | *#t̪ˌɛzmˈũj̃ɲ# | *#t̪ˌɛ̃ːmwˈĩɲ# | *#t̪ˌɛ̃ːmwˈɛ̃ː# | *#t̪ɛmwɛ̃# {GOLD: #t̪emwɛ̃#}
1307   | #t̪ˈest̪ɑm# | *#t̪ˈɛst̪ɑ# | *#t̪ˈɛst̪ə# | *#t̪ˈɛːt̪ə# | *#t̪ˈɛːt̪ə# | *#t̪ɛt̪# {GOLD: #t̪ɛt̪#}
1308   | #t̪ˈest̪um# | *#t̪ˈɛst̪o# | *#t̪ˈɛst̪# | *#t̪ˈɛːt̪# | *#t̪ˈɛːt̪# | *#t̪ɛ# {GOLD: #t̪ɛ#}
1309   | #t̪ˈiːbiɑm# | *#t̪ˈibʝɑ# | *#t̪ˈid͡ʒə# | *#t̪ˈiʒə# | *#t̪ˈiʒə# | *#t̪iʒ# {GOLD: #t̪iʒ#}
1310   | #t̪ˌiːmˈoːn̪em# | *#t̪ˌimˈon̪ɛ# | *#t̪ˌimˈũn̪# | *#t̪ˌĩmˈũn̪# | *#t̪ˌimˈũː# | *#t̪imɔ̃# {GOLD: #t̪imɔ̃#}
1311   | #t̪ˈin̪kɑm# | *#t̪ˈeŋkɑ# | *#t̪ˈẽn̪t͡ʃə# | *#t̪ˈãn̪ʃə# | *#t̪ˈãːʃə# | *#t̪ɑ̃ʃ# {GOLD: #t̪ɑ̃ʃ#}
1312   | #t̪ˌiːt̪iˈoːn̪em# | *#t̪ˌit͡sʲʝˈon̪ɛ# | *#t̪ˌizˈũn̪# | *#t̪ˌizˈũn̪# | *#t̪ˌizˈũː# | *#t̪izɔ̃# {GOLD: #t̪izɔ̃#}
1313   | #t̪ˌoːn̪siˈoːn̪em# | *#t̪ˌosʝˈon̪ɛ# | *#t̪ˌojzˈũn̪# | *#t̪wˌɛzˈũn̪# | *#t̪wˌɛzˈũː# | *#t̪wazɔ̃# {GOLD: #t̪wazɔ̃#}
1314   | #t̪ˈon̪it̪rum# | *#t̪ˌɔn̪ˈet̪ro# | *#t̪ˌũn̪ˈejðrə# | *#t̪ˌũn̪ˈɛrə# | *#t̪ˌũn̪ˈɛrə# | *#t̪ɔn̪ɛʁ# {GOLD: #t̪ɔn̪ɛʁ#}
1315   | #t̪ˈorkɑm# | *#t̪ˈɔrkɑ# | *#t̪ˈɔrt͡ʃə# | *#t̪ˈɔrʃə# | *#t̪ˈɔrʃə# | *#t̪ɔʁʃ# {GOLD: #t̪ɔʁʃ#}
1316   | #t̪ˌormˈen̪t̪ɑ# | *#t̪ˌɔrmˈɛn̪t̪ɑ# | *#t̪ˌormˈɛ̃n̪t̪ə# | *#t̪ˌurmˈãn̪t̪ə# | *#t̪ˌurmˈãːt̪ə# | *#t̪uʁmɑ̃t̪# {GOLD: #t̪uʁmɑ̃t̪#}
1317   | #t̪ˌormˈen̪t̪um# | *#t̪ˌɔrmˈɛn̪t̪o# | *#t̪ˌormˈɛ̃n̪t̪# | *#t̪ˌurmˈãn̪t̪# | *#t̪ˌurmˈãːt̪# | *#t̪uʁmɑ̃# {GOLD: #t̪uʁmɑ̃#}
1318   | #t̪ˌorn̪ˈɑːre# | *#t̪ˌɔrn̪ˈɑrɛ# | *#t̪ˌorn̪ˈeːr# | *#t̪ˌurn̪ˈer# | *#t̪ˌurn̪ˈer# | *#t̪uʁn̪e# {GOLD: #t̪uʁn̪e#}
1319   | #t̪ˌorn̪ɑːt̪ˈuːrɑm# | *#t̪ˌɔrn̪ɑt̪ˈurɑ# | *#t̪ˌorn̪əðˈyrə# | *#t̪ˌurn̪əˈyrə# | *#t̪ˌurn̪ə̯ˈyrə# | *#t̪uʁn̪yʁ# {GOLD: #t̪uʁn̪yʁ#}
1320   | #t̪ˈorsum# | *#t̪ˈɔrso# | *#t̪ˈɔrs# | *#t̪ˈɔrs# | *#t̪ˈɔrs# | *#t̪ɔʁ# {GOLD: #t̪ɔʁ#}
1321   | #t̪ˌort̪ˈiːkium# | *#t̪ˌɔrt̪ˈiccʝo# | *#t̪ˌɔrt̪ˈit͡sʲ# | *#t̪ˌɔrt̪ˈisʲ# | *#t̪ˌɔrt̪ˈis# | *#t̪ɔʁt̪i# {GOLD: #t̪ɔʁt̪i#}
1322   | #t̪ˈort̪um# | *#t̪ˈɔrt̪o# | *#t̪ˈɔrt̪# | *#t̪ˈɔrt̪# | *#t̪ˈɔrt̪# | *#t̪ɔʁ# {GOLD: #t̪ɔʁ#}
1323   | #t̪ˌort̪ˈuːrɑm# | *#t̪ˌɔrt̪ˈurɑ# | *#t̪ˌɔrt̪ˈyrə# | *#t̪ˌɔrt̪ˈyrə# | *#t̪ˌɔrt̪ˈyrə# | *#t̪ɔʁt̪yʁ# {GOLD: #t̪ɔʁt̪yʁ#}
1324   | #t̪ˈost̪um# | *#t̪ˈɔst̪o# | *#t̪ˈɔst̪# | *#t̪ˈoːt̪# | *#t̪ˈoːt̪# | *#t̪o# {GOLD: #t̪o#}
1325   | #t̪ˈoːt̪t̪ɑm# | *#t̪ˈot̪t̪ɑ# | *#t̪ˈot̪ə# | *#t̪ˈut̪ə# | *#t̪ˈut̪ə# | *#t̪ut̪# {GOLD: #t̪ut̪#}
1326   | #t̪ˈoːt̪t̪ɑːs# | *#t̪ˈot̪t̪ɑs# | *#t̪ˈot̪əs# | *#t̪ˈut̪əs# | *#t̪ˈut̪ə# | *#t̪ut̪# {GOLD: #t̪ut̪#}
1327   | #t̪ˈoːt̪t̪oːs# | *#t̪ˈot̪t̪os# | *#t̪ˈot͡s# | *#t̪ˈus# | *#t̪ˈus# | *#t̪u# {GOLD: #t̪us#}
1328   | #t̪ˈoːt̪t̪um# | *#t̪ˈot̪t̪o# | *#t̪ˈot̪# | *#t̪ˈɔt̪# | *#t̪ˈɔt̪# | *#t̪o# {GOLD: #t̪u#}
1329   | #t̪rˈɑːd̪it̪or# | *#t̪rˈɑd̪et̪ɔr# | *#t̪rˈat̪rə# | *#t̪rˈat̪rə# | *#t̪rˈat̪rə# | *#t̪ʁat̪ʁ# {GOLD: #t̪ʁɛt̪ʁ#}
1330   | #t̪rˈɑɡere# | *#t̪rˈɑɣrɛ# | *#t̪rˈajrə# | *#t̪rˈɛrə# | *#t̪rˈɛrə# | *#t̪ʁɛʁ# {GOLD: #t̪ʁɛʁ#}
1331   | #t̪rˌɑkt̪ˈɑːre# | *#t̪rˌɑxt̪ˈɑrɛ# | *#t̪rˌajt̪ʲˈie̯r# | *#t̪rˌɛt̪ʲjˈer# | *#t̪rˌɛt̪ˈer# | *#t̪ʁɛt̪e# {GOLD: #t̪ʁɛt̪e#}
1332   | #t̪rˈɑkt̪um# | *#t̪rˈɑxt̪o# | *#t̪rˈajt̪# | *#t̪rˈɛt̪# | *#t̪rˈɛt̪# | *#t̪ʁɛ# {GOLD: #t̪ʁɛ#}
1333   | #t̪rˈɑːn̪s# | *#t̪rˈɑs# | *#t̪rˈeːs# | *#t̪rˈeːs# | *#t̪rˈeːs# | *#t̪ʁe# {GOLD: #t̪ʁɛ#}
1334   | #t̪rˈɑwkum# | *#t̪rˈɑwko# | *#t̪rˈɔw# | *#t̪rˈu# | *#t̪rˈu# | *#t̪ʁu# {GOLD: #t̪ʁu#}
1335   | #t̪rˌemulˈɑːre# | *#t̪rˌɛmolˈɑrɛ# | *#t̪rˌẽmblˈeːr# | *#t̪rˌãn̪blˈer# | *#t̪rˌãːblˈer# | *#t̪ʁɑ̃ble# {GOLD: #t̪ʁɑ̃ble#}
1336   | #t̪rˈemulum# | *#t̪rˈɛmlo# | *#t̪rˈɛ̃mblə# | *#t̪rˈãn̪blə# | *#t̪rˈãːblə# | *#t̪ʁɑ̃bl# {GOLD: #t̪ʁɑ̃bl#}
1337   | #t̪rˈeːs# | *#t̪rˈes# | *#t̪rˈejs# | *#t̪rwˈɛːs# | *#t̪rwˈɛːs# | *#t̪ʁwa# {GOLD: #t̪ʁwa#}
1338   | #t̪rˈiffolum# | *#t̪rˈeffɔlo# | *#t̪rˈeflə# | *#t̪rˈɛflə# | *#t̪rˈɛflə# | *#t̪ʁɛfl# {GOLD: #t̪ʁɛfl#}
1339   | #t̪rˈin̪t̪ɑm# | *#t̪rˈen̪t̪ɑ# | *#t̪rˈẽn̪t̪ə# | *#t̪rˈãn̪t̪ə# | *#t̪rˈãːt̪ə# | *#t̪ʁɑ̃t̪# {GOLD: #t̪ʁɑ̃t̪#}
1340   | #t̪rˈikɑssae̯# | *#t̪rˈekɑssɛ# | *#t̪rˈejsə# | *#t̪rwˈɛːsə# | *#t̪rwˈɛːsə# | *#t̪ʁwas# {GOLD: #t̪ʁwa#}
1341   | #t̪rˈikʰilɑ# | *#t̪rˈeklɑ# | *#t̪rˈeʎə# | *#t̪rˈɛʎə# | *#t̪rˈɛʎə# | *#t̪ʁɛj# {GOLD: #t̪ʁɛj#}
1342   | #t̪rˌimˈod̪iɑm# | *#t̪rˌemˈɔʝʝɑ# | *#t̪rˌəmˈyjə# | *#t̪rˌəmɥˈiə# | *#t̪rˌəmɥˈiː# | *#t̪ʁəmɥi# {GOLD: #t̪ʁemi#}
1343   | #t̪rˌin̪kˈɑːre# | *#t̪rˌeŋkˈɑrɛ# | *#t̪rˌẽn̪t͡ʃˈie̯r# | *#t̪rˌãn̪ʃjˈer# | *#t̪rˌãːʃˈer# | *#t̪ʁɑ̃ʃe# {GOLD: #t̪ʁɑ̃ʃe#}
1344   | #t̪rˈoɡiɑm# | *#t̪rˈɔʝʝɑ# | *#t̪rˈyjə# | *#t̪rɥˈiə# | *#t̪rɥˈiː# | *#t̪ʁɥi# {GOLD: #t̪ʁɥi#}
1345   | #t̪rˈokt̪ɑm# | *#t̪rˈɔxt̪ɑ# | *#t̪rˈyjt̪ə# | *#t̪rɥˈit̪ə# | *#t̪rɥˈit̪ə# | *#t̪ʁɥit̪# {GOLD: #t̪ʁɥit̪#}
1346   | #t̪rˌopˈɑːre# | *#t̪rˌɔpˈɑrɛ# | *#t̪rˌovˈeːr# | *#t̪rˌuvˈer# | *#t̪rˌuvˈer# | *#t̪ʁuve# {GOLD: #t̪ʁuve#}
1347   | #t̪rˌopɑːt̪ˈoːrem# | *#t̪rˌɔpɑt̪ˈorɛ# | *#t̪rˌovəðˈowr# | *#t̪rˌuvəˈør# | *#t̪rˌuvə̯ˈør# | *#t̪ʁuvœʁ# {GOLD: #t̪ʁuvœʁ#}
1348   | #t̪rˌuːɡˈɑn̪t̪um# | *#t̪rˌuɣˈɑn̪t̪o# | *#t̪rˌyˈãn̪t̪# | *#t̪rˌyˈãn̪t̪# | *#t̪rˌyˈãːt̪# | *#t̪ʁyɑ̃# {GOLD: #t̪ʁyɑ̃#}
1349   | #t̪rˈuɡn̪ɑm# | *#t̪rˈoŋn̪ɑ# | *#t̪rˈũɲə# | *#t̪rˈũɲə# | *#t̪rˈũɲə# | *#t̪ʁɔɲ# {GOLD: #t̪ʁɔɲ#}
1350   | #t̪rˈun̪kum# | *#t̪rˈoŋko# | *#t̪rˈũŋk# | *#t̪rˈũŋk# | *#t̪rˈũːk# | *#t̪ʁɔ̃# {GOLD: #t̪ʁɔ̃#}
1351   | #t̪ˈuː# | *#t̪ˈu# | *#t̪ˈy# | *#t̪ˈy# | *#t̪ˈy# | *#t̪y# {GOLD: #t̪y#}
1352   | #t̪uˌɑ# | *#t̪wˌɑ# | *#t̪ˌa# | *#t̪ˌa# | *#t̪ˌa# | *#t̪a# {GOLD: #t̪a#}
1353   | #t̪uˌɑːs# | *#t̪wˌɑs# | *#t̪ˌas# | *#t̪ˌas# | *#t̪ˌas# | *#t̪a# {GOLD: #t̪e#}
1354   | #t̪ˌurbulˈɑːre# | *#t̪ˌorbolˈɑrɛ# | *#t̪ˌorblˈeːr# | *#t̪ˌurblˈer# | *#t̪ˌurblˈer# | *#t̪uʁble# {GOLD: #t̪ʁuble#}
1355   | #t̪ˈun̪n̪ɑm# | *#t̪ˈon̪n̪ɑ# | *#t̪ˈũn̪ə# | *#t̪ˈũn̪ə# | *#t̪ˈũn̪ə# | *#t̪ɔn̪# {GOLD: #t̪ɔn̪#}
1356   | #t̪ˈurrem# | *#t̪ˈorrɛ# | *#t̪ˈor# | *#t̪ˈur# | *#t̪ˈur# | *#t̪uʁ# {GOLD: #t̪uʁ#}
1357   | #t̪ˈurt̪ɑm# | *#t̪ˈort̪ɑ# | *#t̪ˈort̪ə# | *#t̪ˈurt̪ə# | *#t̪ˈurt̪ə# | *#t̪uʁt̪# {GOLD: #t̪uʁt̪#}
1358   | #t̪ˌurt̪urˈellɑm# | *#t̪ˌort̪orˈɛllɑ# | *#t̪ˌort̪rˈɛlə# | *#t̪ˌurt̪rˈɛlə# | *#t̪ˌurt̪rˈɛlə# | *#t̪uʁt̪ʁɛl# {GOLD: #t̪uʁt̪əʁɛl#}
1359   | #t̪ˈussem# | *#t̪ˈossɛ# | *#t̪ˈos# | *#t̪ˈuːs# | *#t̪ˈuːs# | *#t̪u# {GOLD: #t̪u#}
1360   | #t̪uˌum# | *#t̪wˌom# | *#t̪ˌũn̪# | *#t̪ˌũn̪# | *#t̪ˌũː# | *#t̪ɔ̃# {GOLD: #t̪ɔ̃#}
1361   | #t̪ˈeum# | *#t̪ˈɛo# | *#t̪ˈie̯w# | *#t̪jˈø# | *#t̪jˈø# | *#t̪jø# {GOLD: #t̪jɛ̃#}
1362   | #ˌubiː# | *#ˌoβi# | *#ˌo# | *#ˌu# | *#ˌu# | *#u# {GOLD: #u#}
1363   | #ˈumbrɑm# | *#ˈombrɑ# | *#ˈũmbrə# | *#ˈũn̪brə# | *#ˈũːbrə# | *#ɔ̃bʁ# {GOLD: #ɔ̃bʁ#}
1364   | #ˈumkwɑm# | *#ˈomkwɑ# | *#ˈũmkwə# | *#ˈũn̪kə# | *#ˈũːkə# | *#ɔ̃k# {GOLD: #ɔ̃k#}
1365   | #ˈuːn̪ɑm# | *#ˈun̪ɑ# | *#ˈyn̪ə# | *#ˈỹn̪ə# | *#ˈyn̪ə# | *#yn̪# {GOLD: #yn̪#}
1366   | #ˈun̪d̪ɑm# | *#ˈon̪d̪ɑ# | *#ˈũn̪d̪ə# | *#ˈũn̪d̪ə# | *#ˈũːd̪ə# | *#ɔ̃d̪# {GOLD: #ɔ̃d̪#}
1367   | #ˈun̪d̪ekim# | *#ˈon̪d̪ɛce# | *#ˈũn̪d͡zə# | *#ˈũn̪zə# | *#ˈũːzə# | *#ɔ̃z# {GOLD: #ɔ̃z#}
1368   | #ˌun̪iˈoːn̪em# | *#ˌon̪ʝˈon̪ɛ# | *#ˌũɲˈũn̪# | *#ˌũɲˈũn̪# | *#ˌũɲˈũː# | *#ɔɲɔ̃# {GOLD: #ɔɲɔ̃#}
1369   | #ˌuːn̪ˈiːre# | *#ˌun̪ˈirɛ# | *#ˌyn̪ˈir# | *#ˌỹn̪ˈir# | *#ˌyn̪ˈir# | *#yn̪iʁ# {GOLD: #yniʁ#}
1370   | #ˈun̪ɡulɑm# | *#ˈoŋɡlɑ# | *#ˈũŋɡlə# | *#ˈũŋɡlə# | *#ˈũːɡlə# | *#ɔ̃ɡl# {GOLD: #ɔ̃ɡl#}
1371   | #ˈun̪kiɑm# | *#ˈoŋcʝɑ# | *#ˈũn̪t͡sʲə# | *#ˈũn̪sʲə# | *#ˈũːsə# | *#ɔ̃s# {GOLD: #ɔ̃s#}
1372   | #ˈuːn̪um# | *#ˈun̪o# | *#ˈyn̪# | *#ˈỹn̪# | *#ˈỹː# | *#œ̃# {GOLD: #œ̃#}
1373   | #ˈursɑm# | *#ˈorsɑ# | *#ˈorsə# | *#ˈursə# | *#ˈursə# | *#uʁs# {GOLD: #uʁs#}
1374   | #ˌuːsˈɑːre# | *#ˌusˈɑrɛ# | *#ˌyzˈeːr# | *#ˌyzˈer# | *#ˌyzˈer# | *#yze# {GOLD: #yze#}
1375   | #ˌusit̪ˈiːlium# | *#ˌoset̪ˈilʝo# | *#ˌozt̪ˈiʎ# | *#ˌut̪ˈiʎ# | *#ˌut̪ˈiʎ# | *#ut̪ij# {GOLD: #ut̪i#}
1376   | #ˈuːst̪ium# | *#ˈust͡sʲʝo# | *#ˈyjs# | *#ɥˈiːs# | *#ɥˈiːs# | *#ɥi# {GOLD: #ɥi#}
1377   | #ˌuːst̪ulˈɑːre# | *#ˌust̪olˈɑrɛ# | *#ˌyst̪lˈeːr# | *#ˌyːt̪lˈer# | *#ˌyːt̪lˈer# | *#yt̪le# {GOLD: #yle#}
1378   | #ˈuːsum# | *#ˈuso# | *#ˈys# | *#ˈyːs# | *#ˈyːs# | *#y# {GOLD: #y#}
1379   | #ˌuːsˈuːrɑm# | *#ˌusˈurɑ# | *#ˌyzˈyrə# | *#ˌyzˈyrə# | *#ˌyzˈyrə# | *#yzyʁ# {GOLD: #yzyʁ#}
1380   | #wˌɑlˈen̪t̪iɑm# | *#βʷˌɑlˈɛn̪t͡sʲʝɑ# | *#vˌalˈɛ̃n̪t͡sʲə# | *#vˌalˈãn̪sʲə# | *#vˌalˈãːsə# | *#valɑ̃s# {GOLD: #valɑ̃s#}
1381   | #wˌɑlˈeːre# | *#βʷˌɑlˈerɛ# | *#vˌalˈejr# | *#vˌalwˈɛr# | *#vˌalwˈɛr# | *#valwaʁ# {GOLD: #valwaʁ#}
1382   | #wˈɑllem# | *#βʷˈɑllɛ# | *#vˈal# | *#vˈal# | *#vˈal# | *#val# {GOLD: #val#}
1383   | #wˈɑlleːs# | *#βʷˈɑlles# | *#vˈaɫs# | *#vˈaws# | *#vˈoːs# | *#vo# {GOLD: #vo#}
1384   | #wˌɑlˈoːrem# | *#βʷˌɑlˈorɛ# | *#vˌalˈowr# | *#vˌalˈør# | *#vˌalˈør# | *#valœʁ# {GOLD: #valœʁ#}
1385   | #wˈɑkkɑm# | *#βʷˈɑkkɑ# | *#vˈat͡ʃə# | *#vˈaʃə# | *#vˈaʃə# | *#vaʃ# {GOLD: #vaʃ#}
1386   | #wˈɑːn̪ɑm# | *#βʷˈɑn̪ɑ# | *#vˈãj̃n̪ə# | *#vˈɛ̃j̃n̪ə# | *#vˈɛ̃n̪ə# | *#vɛn̪# {GOLD: #vɛn̪#}
1387   | #wˌɑːn̪it̪ˈɑːre# | *#βʷˌɑn̪et̪ˈɑrɛ# | *#vˌãn̪t̪ˈeːr# | *#vˌãn̪t̪ˈer# | *#vˌãːt̪ˈer# | *#vɑ̃t̪e# {GOLD: #vɑ̃t̪e#}
1388   | #wˈɑn̪n̪ˌellum# | *#βʷˈɑn̪n̪ˌɛllo# | *#vˈãn̪ˌɛl# | *#vˈãn̪e̯ˌaw# | *#vˈãn̪ə̯ˌoː# | *#van̪o# {GOLD: #van̪o#}
1389   | #wˈɑːn̪um# | *#βʷˈɑn̪o# | *#vˈãj̃n̪# | *#vˈɛ̃j̃n̪# | *#vˈɛ̃ː# | *#vɛ̃# {GOLD: #vɛ̃#}
1390   | #wˈɑrium# | *#βʷˈɑrʝo# | *#vˈajrə# | *#vˈɛrə# | *#vˈɛrə# | *#vɛʁ# {GOLD: #vɛʁ#}
1391   | #wˌɑrrˈen̪n̪ɑm# | *#βʷˌɑrrˈɛn̪n̪ɑ# | *#vˌarrˈɛ̃n̪ə# | *#vˌarˈãn̪ə# | *#vˌarˈãn̪ə# | *#vaʁan̪# {GOLD: #vaʁɛn̪#}
1392   | #wˌɑːskˈellɑm# | *#βʷˌɑscˈɛllɑ# | *#vˌajsˈɛlə# | *#vˌɛsˈɛlə# | *#vˌɛsˈɛlə# | *#vɛsɛl# {GOLD: #vɛsɛl#}
1393   | #wˌɑːskˈellum# | *#βʷˌɑscˈɛllo# | *#vˌajsˈɛl# | *#vˌɛse̯ˈaw# | *#vˌɛsə̯ˈoː# | *#vɛso# {GOLD: #vɛso#}
1394   | #wˌɑssellˈit̪t̪um# | *#βʷˌɑssɛllˈet̪t̪o# | *#vˌazlˈet̪# | *#vˌaːlˈet̪# | *#vˌaːlˈet̪# | *#vɑle# {GOLD: #vale#}
1395   | #wˌeːkˈiːn̪ɑm# | *#βʷˌecˈin̪ɑ# | *#vˌejzˈin̪ə# | *#vwˌɛzˈĩn̪ə# | *#vwˌɛzˈin̪ə# | *#vwazin̪# {GOLD: #vwazin̪#}
1396   | #wˌeːkˈiːn̪um# | *#βʷˌecˈin̪o# | *#vˌejzˈin̪# | *#vwˌɛzˈĩn̪# | *#vwˌɛzˈẽː# | *#vwazɛ̃# {GOLD: #vwazɛ̃#}
1397   | #wˈekt̪em# | *#βʷˈɛxt̪ɛ# | *#vˈit̪# | *#vˈit̪# | *#vˈit̪# | *#vi# {GOLD: #vi#}
1398   | #wˌekt̪ˈuːrɑm# | *#βʷˌɛxt̪ˈurɑ# | *#vˌejt̪ˈyrə# | *#vwˌɛt̪ˈyrə# | *#vwˌɛt̪ˈyrə# | *#vwat̪yʁ# {GOLD: #vwat̪yʁ#}
1399   | #wˈeːlɑm# | *#βʷˈelɑ# | *#vˈojlə# | *#vwˈɛlə# | *#vwˈɛlə# | *#vwal# {GOLD: #vwal#}
1400   | #wˈelt̪rɑɡum# | *#βʷˈɛɫt̪ro# | *#vˈɛɫt̪rə# | *#ve̯ˈawt̪rə# | *#və̯ˈoːt̪rə# | *#vɔt̪ʁ# {GOLD: #vot̪ʁ#}
1401   | #wˌeːn̪ɑːt̪ˈoːrem# | *#βʷˌen̪ɑt̪ˈorɛ# | *#vˌən̪əðˈowr# | *#vˌən̪əˈør# | *#vˌən̪ə̯ˈør# | *#vən̪œʁ# {GOLD: #vən̪œʁ#}
1402   | #wˈen̪d̪ere# | *#βʷˈɛn̪d̪ɛrɛ# | *#vˈɛ̃n̪d̪rə# | *#vˈãn̪d̪rə# | *#vˈãːd̪rə# | *#vɑ̃d̪ʁ# {GOLD: #vɑ̃d̪ʁ#}
1403   | #wˌen̪erisd̪ˈiːem# | *#βʷˌɛn̪ɛresd̪ˈiɛ# | *#vˌẽn̪d̪rəzd̪ˈi# | *#vˌãn̪d̪rəd̪ˈi# | *#vˌãːd̪rəd̪ˈi# | *#vɑ̃d̪ʁəd̪i# {GOLD: #vɑ̃d̪ʁəd̪i#}
1404   | #wˌen̪ˈiːre# | *#βʷˌɛn̪ˈirɛ# | *#vˌən̪ˈir# | *#vˌən̪ˈir# | *#vˌən̪ˈir# | *#vən̪iʁ# {GOLD: #vən̪iʁ#}
1405   | #wˈen̪n̪ɑm# | *#βʷˈɛn̪n̪ɑ# | *#vˈɛ̃n̪ə# | *#vˈãn̪ə# | *#vˈãn̪ə# | *#van̪# {GOLD: #van̪#}
1406   | #wˈen̪t̪um# | *#βʷˈɛn̪t̪o# | *#vˈɛ̃n̪t̪# | *#vˈãn̪t̪# | *#vˈãːt̪# | *#vɑ̃# {GOLD: #vɑ̃#}
1407   | #wˈeːrɑ# | *#βʷˈerɑ# | *#vˈojrə# | *#vwˈɛrə# | *#vwˈɛrə# | *#vwaʁ# {GOLD: #vwaʁ#}
1408   | #wˌeːrˈɑːkɑm# | *#βʷˌerˈɑkɑ# | *#vˌərˈajə# | *#vrˈajə# | *#vrˈɛː# | *#vʁɛ# {GOLD: #vʁɛ#}
1409   | #wˌeːrˈɑːkum# | *#βʷˌerˈɑko# | *#vˌərˈaj# | *#vrˈɛ# | *#vrˈɛ# | *#vʁɛ# {GOLD: #vʁɛ#}
1410   | #wˌerbˈeːn̪ae̯# | *#βʷˌɛrbˈen̪ɛ# | *#vˌɛrbˈojn̪# | *#vˌɛrbwˈĩn̪# | *#vˌɛrbwˈɛ̃ː# | *#vɛʁbwɛ̃# {GOLD: #vɛʁvɛn̪#}
1411   | #wˌereːkˈun̪d̪iɑm# | *#βʷˌɛrekˈon̪ɟʝɑ# | *#vˌɛrɡˈũɲə# | *#vˌɛrɡˈũɲə# | *#vˌɛrɡˈũɲə# | *#vɛʁɡɔɲ# {GOLD: #vɛʁɡɔɲ#}
1412   | #wˌermˈikulum# | *#βʷˌɛrmˈeklo# | *#vˌermˈeʎ# | *#vˌɛrmˈɛʎ# | *#vˌɛrmˈɛʎ# | *#vɛʁmɛj# {GOLD: #vɛʁmɛj#}
1413   | #wˈern̪um# | *#βʷˈɛrn̪o# | *#vˈɛr# | *#vˈɛr# | *#vˈɛr# | *#vɛʁ# {GOLD: #vɛʁn̪#}
1414   | #wˌerrˈuːkɑm# | *#βʷˌɛrrˈukɑ# | *#vˌerrˈyə# | *#vˌerˈyə# | *#vˌerˈyː# | *#veʁy# {GOLD: #veʁy#}
1415   | #wˈersum# | *#βʷˈɛrso# | *#vˈɛrs# | *#vˈɛrs# | *#vˈɛrs# | *#vɛʁ# {GOLD: #vɛʁ#}
1416   | #wˌert̪ɑbˈellɑm# | *#βʷˌɛrt̪ɑβˈɛllɑ# | *#vˌɛrt̪əvˈɛlə# | *#vˌɛrt̪əvˈɛlə# | *#vˌɛrt̪əvˈɛlə# | *#vɛʁt̪əvɛl# {GOLD: #vɛʁt̪əvɛl#}
1417   | #wˈerwɑm# | *#βʷˈɛrβʷɑ# | *#vˈɛrvə# | *#vˈɛrvə# | *#vˈɛrvə# | *#vɛʁv# {GOLD: #vɛʁv#}
1418   | #wˌerweːkˈɑːrius# | *#βʷˌɛrβʷekˈɑrʝos# | *#vˌɛrd͡ʒˈie̯rs# | *#vˌɛrʒjˈers# | *#vˌɛrʒˈers# | *#vɛʁʒɛʁ# {GOLD: #bɛʁʒe#}
1419   | #wˌest̪iːmˈen̪t̪um# | *#βʷˌɛst̪imˈɛn̪t̪o# | *#vˌɛzmˈɛ̃n̪t̪# | *#vˌɛ̃ːmˈãn̪t̪# | *#vˌɛ̃ːmˈãːt̪# | *#vɛmɑ̃# {GOLD: #vɛt̪mɑ̃#}
1420   | #wˌest̪ˈiːre# | *#βʷˌɛst̪ˈirɛ# | *#vˌɛst̪ˈir# | *#vˌɛːt̪ˈir# | *#vˌɛːt̪ˈir# | *#vɛt̪iʁ# {GOLD: #vɛt̪iʁ#}
1421   | #wˈet̪ulɑm# | *#βʷˈɛklɑ# | *#vˈie̯ʎə# | *#vjˈeʎə# | *#vjˈeʎə# | *#vjɛj# {GOLD: #vjɛj#}
1422   | #wˈet̪ulɑːs# | *#βʷˈɛklɑs# | *#vˈie̯ʎəs# | *#vjˈeʎəs# | *#vjˈeʎə# | *#vjɛj# {GOLD: #vjɛj#}
1423   | #wˈet̪uloːs# | *#βʷˈɛklos# | *#vˈie̯ɫt͡sʲ# | *#vjˈøsʲ# | *#vjˈøs# | *#vjø# {GOLD: #vjø#}
1424   | #wˈet̪ulum# | *#βʷˈɛklo# | *#vˈie̯ʎ# | *#vjˈeʎ# | *#vjˈeʎ# | *#vjɛj# {GOLD: #vjɛj#}
1425   | #wˈet̪ulus# | *#βʷˈɛklos# | *#vˈie̯ɫt͡sʲ# | *#vjˈøsʲ# | *#vjˈøs# | *#vjø# {GOLD: #vjø#}
1426   | #wˈiɑm# | *#βʷˈeɑ# | *#vˈojə# | *#vwˈɛə# | *#vwˈɛː# | *#vwa# {GOLD: #vwa#}
1427   | #wˌiˈɑːt̪ikum# | *#βʷˌeˈɑt̪eko# | *#vˌejˈad͡ʒə# | *#vwˌɛjˈaʒə# | *#vwˌɛjˈaʒə# | *#vwajaʒ# {GOLD: #vwajaʒ#}
1428   | #wˌid̪ˈeːre# | *#βʷˌed̪ˈerɛ# | *#vˌəðˈejr# | *#vˌəwˈɛr# | *#və̯wˈɛr# | *#vwaʁ# {GOLD: #vwaʁ#}
1429   | #wˌid̪ˈubium# | *#βʷˌed̪ˈobʝo# | *#vˌəðˈod͡ʒə# | *#vˌəˈuʒə# | *#və̯ˈuʒə# | *#vuʒ# {GOLD: #vuʒ#}
1430   | #wˈid̪wɑm# | *#βʷˈed̪βʷɑ# | *#vˈeðvə# | *#vˈevə# | *#vˈevə# | *#vɛv# {GOLD: #vœv#}
1431   | #wˈid̪wum# | *#βʷˈed̪βʷo# | *#vˈeðf# | *#vˈef# | *#vˈef# | *#vɛf# {GOLD: #vœf#}
1432   | #wˌiɡilˈɑːre# | *#βʷˌeɡlˈɑrɛ# | *#vˌeʎˈie̯r# | *#vˌɛʎjˈer# | *#vˌɛʎˈer# | *#vɛje# {GOLD: #vɛje#}
1433   | #wˌiɡˈiliɑm# | *#βʷˌeʝˈelʝɑ# | *#vˌəˈeʎə# | *#vˌəˈɛʎə# | *#və̯ˈɛʎə# | *#vɛj# {GOLD: #vɛj#}
1434   | #wˌiːɡˈin̪t̪i# | *#βʷˌiʝˈen̪t̪e# | *#vˌiˈin̪t̪# | *#vˌiˈĩn̪t̪# | *#vˌiˈẽːt̪# | *#vjɛ̃# {GOLD: #vɛ̃#}
1435   | #wˌikˈɑːrium# | *#βʷˌekˈɑrʝo# | *#vˌejˈie̯r# | *#vwˌɛjˈer# | *#vwˌɛjˈer# | *#vwaje# {GOLD: #vwaje#}
1436   | #wˈiːlem# | *#βʷˈilɛ# | *#vˈil# | *#vˈil# | *#vˈil# | *#vil# {GOLD: #vil#}
1437   | #wˈiːllɑm# | *#βʷˈillɑ# | *#vˈilə# | *#vˈilə# | *#vˈilə# | *#vil# {GOLD: #vil#}
1438   | #wˌiːllˈɑːn̪ɑm# | *#βʷˌillˈɑn̪ɑ# | *#vˌilˈãj̃n̪ə# | *#vˌilˈɛ̃j̃n̪ə# | *#vˌilˈɛ̃n̪ə# | *#vilɛn̪# {GOLD: #vilɛn̪#}
1439   | #wˌiːllˈɑːn̪um# | *#βʷˌillˈɑn̪o# | *#vˌilˈãj̃n̪# | *#vˌilˈɛ̃j̃n̪# | *#vˌilˈɛ̃ː# | *#vilɛ̃# {GOLD: #vilɛ̃#}
1440   | #wˌillˈuːt̪ɑm# | *#βʷˌellˈut̪ɑ# | *#vˌəlˈyðə# | *#vlˈyə# | *#vlˈyː# | *#vly# {GOLD: #vəly#}
1441   | #wˌillˈuːt̪um# | *#βʷˌellˈut̪o# | *#vˌəlˈyθ# | *#vlˈy# | *#vlˈy# | *#vly# {GOLD: #vəly#}
1442   | #wˌin̪d̪ˈeːmiɑm# | *#βʷˌen̪d̪ˈemʝɑ# | *#vˌẽn̪d̪ˈẽn̪d͡ʒə# | *#vˌãn̪d̪ˈãn̪ʒə# | *#vˌãːd̪ˈãːʒə# | *#vɑ̃d̪ɑ̃ʒ# {GOLD: #vɑ̃d̪ɑ̃ʒ#}
1443   | #wˌin̪d̪ˈeːsiɑm# | *#βʷˌen̪d̪ˈesʝɑ# | *#vˌẽn̪d̪ˈejzə# | *#vˌãn̪d̪wˈɛzə# | *#vˌãːd̪wˈɛzə# | *#vɑ̃d̪waz# {GOLD: #vɑ̃d̪waz#}
1444   | #wˈin̪d̪ikɑt̪# | *#βʷˈen̪d̪ekɑt̪# | *#vˈẽn̪d͡ʒəθ# | *#vˈãn̪ʒə# | *#vˈãːʒə# | *#vɑ̃ʒ# {GOLD: #vɑ̃ʒ#}
1445   | #wˌin̪d̪ikˈɑːre# | *#βʷˌen̪d̪ekˈɑrɛ# | *#vˌẽn̪d͡ʒˈie̯r# | *#vˌãn̪ʒjˈer# | *#vˌãːʒˈer# | *#vɑ̃ʒe# {GOLD: #vɑ̃ʒe#}
1446   | #wˈiːn̪eɑm# | *#βʷˈin̪ʝɑ# | *#vˈiɲə# | *#vˈĩɲə# | *#vˈiɲə# | *#viɲ# {GOLD: #viɲ#}
1447   | #wˈiːn̪um# | *#βʷˈin̪o# | *#vˈin̪# | *#vˈĩn̪# | *#vˈẽː# | *#vɛ̃# {GOLD: #vɛ̃#}
1448   | #wˌiːrˈɑːre# | *#βʷˌirˈɑrɛ# | *#vˌirˈeːr# | *#vˌirˈer# | *#vˌirˈer# | *#viʁe# {GOLD: #viʁe#}
1449   | #wˈirɡɑm# | *#βʷˈerɡɑ# | *#vˈerd͡ʒə# | *#vˈɛrʒə# | *#vˈɛrʒə# | *#vɛʁʒ# {GOLD: #vɛʁʒ#}
1450   | #wˈirid̪em# | *#βʷˈerd̪ɛ# | *#vˈert̪# | *#vˈɛrt̪# | *#vˈɛrt̪# | *#vɛʁ# {GOLD: #vɛʁ#}
1451   | #wˌirt̪ˈuːt̪em# | *#βʷˌert̪ˈut̪ɛ# | *#vˌert̪ˈyθ# | *#vˌɛrt̪ˈy# | *#vˌɛrt̪ˈy# | *#vɛʁt̪y# {GOLD: #vɛʁt̪y#}
1452   | #wˈiːt̪ɑm# | *#βʷˈit̪ɑ# | *#vˈiðə# | *#vˈiə# | *#vˈiː# | *#vi# {GOLD: #vi#}
1453   | #wˌit̪ˈellum# | *#βʷˌet̪ˈɛllo# | *#vˌəðˈɛl# | *#vˌəe̯ˈaw# | *#və̯ˈoː# | *#vo# {GOLD: #vo#}
1454   | #wˈit̪rum# | *#βʷˈet̪ro# | *#vˈojðrə# | *#vwˈɛrə# | *#vwˈɛrə# | *#vwaʁ# {GOLD: #vɛʁ#}
1455   | #wˈiːwɑm# | *#βʷˈiβʷɑ# | *#vˈivə# | *#vˈivə# | *#vˈivə# | *#viv# {GOLD: #viv#}
1456   | #wˌiːwˈɑn̪d̪ɑm# | *#βʷˌiβʷˈɑn̪d̪ɑ# | *#vˌivˈãn̪d̪ə# | *#vˌivˈãn̪d̪ə# | *#vˌivˈãːd̪ə# | *#vivɑ̃d̪# {GOLD: #vjɑ̃d̪#}
1457   | #wˈiːwere# | *#βʷˈiβʷɛrɛ# | *#vˈivrə# | *#vˈivrə# | *#vˈivrə# | *#vivʁ# {GOLD: #vivʁ#}
1458   | #wˈiːwum# | *#βʷˈiβʷo# | *#vˈif# | *#vˈif# | *#vˈif# | *#vif# {GOLD: #vif#}
1459   | #wˌolˈɑːt̪ikum# | *#βʷˌɔlˈɑt̪eko# | *#vˌolˈad͡ʒə# | *#vˌɔlˈaʒə# | *#vˌɔlˈaʒə# | *#vɔlaʒ# {GOLD: #vɔlaʒ#}
1460   | #wˌolˈeːre# | *#βʷˌɔlˈerɛ# | *#vˌolˈejr# | *#vˌulwˈɛr# | *#vˌulwˈɛr# | *#vulwaʁ# {GOLD: #vulwaʁ#}
1461   | #wˌolˌon̪t̪ˈɑːt̪em# | *#βʷˌɔlˌɔn̪t̪ˈɑt̪ɛ# | *#vˌolˌũn̪t̪ˈeːθ# | *#vˌulˌũn̪t̪ˈe# | *#vˌulˌũːt̪ˈe# | *#vulɔ̃t̪e# {GOLD: #volɔ̃t̪e#}
1462   | #wˈolui# | *#βʷˈɔlwe# | *#vˈɔl# | *#vˈu# | *#vˈu# | *#vu# {GOLD: #vœj#}
1463   | #wˌolun̪t̪ˈɑːrius# | *#βʷˌɔlon̪t̪ˈɑrʝos# | *#vˌolẽn̪t̪ˈajrs# | *#vˌulãn̪t̪ˈɛrs# | *#vˌulãːt̪ˈɛrs# | *#vulɑ̃t̪ɛʁ# {GOLD: #vɔlɔ̃tje#}
1464   | #wˈolwit̪ɑm# | *#βʷˈɔɫβʷet̪ɑ# | *#vˈɔɫt̪ə# | *#vˈut̪ə# | *#vˈut̪ə# | *#vut̪# {GOLD: #vut̪#}
1465   | #wˌokit̪ˈɑːre# | *#βʷˌɔket̪ˈɑrɛ# | *#vˌyjd̪ʲˈie̯r# | *#vɥˌid̪ʲjˈer# | *#vˌid̪ˈer# | *#vid̪e# {GOLD: #vid̪e#}
1466   | #wˌoːs# | *#βʷˌos# | *#vˌos# | *#vˌus# | *#vˌus# | *#vu# {GOLD: #vu#}
1467   | #wˈost̪rɑ# | *#βʷˈɔst̪rɑ# | *#vˈɔst̪rə# | *#vˈɔːt̪rə# | *#vˈɔt̪rə# | *#vɔt̪ʁ# {GOLD: #vɔt̪ʁ#}
1468   | #wˈost̪rum# | *#βʷˈɔst̪ro# | *#vˈɔst̪rə# | *#vˈɔːt̪rə# | *#vˈɔt̪rə# | *#vɔt̪ʁ# {GOLD: #vɔt̪ʁ#}
1469   | #wˌoːt̪ˈɑːre# | *#βʷˌot̪ˈɑrɛ# | *#vˌoðˈeːr# | *#vˌuˈer# | *#vˌuˈer# | *#vwe# {GOLD: #vwe#}
1470   | #wˈoːt̪um# | *#βʷˈot̪o# | *#vˈowθ# | *#vˈø# | *#vˈø# | *#vø# {GOLD: #vø#}